,date,time,temperature,humidity
0,2021-02-01,00:00:00,26.0,69.16
1,2021-02-01,01:00:00,24.1,87.29
2,2021-02-01,02:00:00,24.9,74.19
3,2021-02-01,03:00:00,25.0,73.4
4,2021-02-01,04:00:00,22.9,92.69
5,2021-02-01,05:00:00,24.0,77.92
6,2021-02-01,06:00:00,23.9,78.34
7,2021-02-01,07:00:00,22.2,93.81
8,2021-02-01,08:00:00,25.0,73.4
9,2021-02-01,09:00:00,27.0,61.61
10,2021-02-01,10:00:00,29.2,57.16
11,2021-02-01,11:00:00,30.9,46.14
12,2021-02-01,12:00:00,31.9,43.59
13,2021-02-01,13:00:00,34.1,50.16
14,2021-02-01,14:00:00,33.0,36.32
15,2021-02-01,15:00:00,33.0,36.32
16,2021-02-01,16:00:00,34.1,50.66
17,2021-02-01,17:00:00,32.0,38.65
18,2021-02-01,18:00:00,31.9,38.62
19,2021-02-01,19:00:00,29.7,66.55
20,2021-02-01,20:00:00,29.0,48.62
21,2021-02-01,21:00:00,28.0,54.58
22,2021-02-01,22:00:00,27.1,73.03
23,2021-02-01,23:00:00,26.9,66.63
24,2021-02-02,00:00:00,26.9,67.0
25,2021-02-02,01:00:00,25.1,83.17
26,2021-02-02,02:00:00,25.0,70.12
27,2021-02-02,03:00:00,25.0,73.8
28,2021-02-02,04:00:00,23.6,88.41
29,2021-02-02,05:00:00,24.9,75.01
30,2021-02-02,06:00:00,24.0,83.79
31,2021-02-02,07:00:00,22.6,94.48
32,2021-02-02,08:00:00,25.1,83.91
33,2021-02-02,09:00:00,27.1,74.15
34,2021-02-02,10:00:00,30.1,58.48
35,2021-02-02,11:00:00,31.0,51.44
36,2021-02-02,12:00:00,31.1,45.68
37,2021-02-02,13:00:00,34.0,48.05
38,2021-02-02,14:00:00,33.0,38.49
39,2021-02-02,15:00:00,34.0,32.03
40,2021-02-02,16:00:00,36.0,42.43
41,2021-02-02,17:00:00,33.1,33.71
42,2021-02-02,18:00:00,32.9,35.89
43,2021-02-02,19:00:00,31.0,58.88
44,2021-02-02,20:00:00,30.9,40.88
45,2021-02-02,21:00:00,29.9,49.69
46,2021-02-02,22:00:00,27.2,75.62
47,2021-02-02,23:00:00,27.9,56.41
48,2021-02-03,00:00:00,26.9,67.0
49,2021-02-03,01:00:00,26.1,81.43
50,2021-02-03,02:00:00,25.9,79.91
51,2021-02-03,03:00:00,25.9,84.0
52,2021-02-03,04:00:00,25.0,85.95
53,2021-02-03,05:00:00,24.9,83.89
54,2021-02-03,06:00:00,24.1,88.13
55,2021-02-03,07:00:00,22.7,95.02
56,2021-02-03,08:00:00,24.2,82.91
57,2021-02-03,09:00:00,27.1,65.22
58,2021-02-03,10:00:00,30.1,56.71
59,2021-02-03,11:00:00,30.0,51.47
60,2021-02-03,12:00:00,31.1,45.68
61,2021-02-03,13:00:00,33.6,49.43
62,2021-02-03,14:00:00,33.0,38.27
63,2021-02-03,15:00:00,33.1,35.94
64,2021-02-03,16:00:00,34.8,47.24
65,2021-02-03,17:00:00,33.0,36.12
66,2021-02-03,18:00:00,33.0,38.27
67,2021-02-03,19:00:00,30.6,63.2
68,2021-02-03,20:00:00,29.8,52.87
69,2021-02-03,21:00:00,29.7,50.75
70,2021-02-03,22:00:00,26.7,78.44
71,2021-02-03,23:00:00,26.0,74.78
72,2021-02-04,00:00:00,25.9,79.05
73,2021-02-04,01:00:00,25.1,89.1
74,2021-02-04,02:00:00,25.0,83.9
75,2021-02-04,03:00:00,25.0,84.36
76,2021-02-04,04:00:00,23.7,96.24
77,2021-02-04,05:00:00,24.0,89.56
78,2021-02-04,06:00:00,24.0,89.56
79,2021-02-04,07:00:00,22.6,97.45
80,2021-02-04,08:00:00,24.1,92.15
81,2021-02-04,09:00:00,27.0,57.23
82,2021-02-04,10:00:00,28.0,58.4
83,2021-02-04,11:00:00,28.1,47.3
84,2021-02-04,12:00:00,30.0,42.59
85,2021-02-04,13:00:00,32.1,48.14
86,2021-02-04,14:00:00,31.0,42.86
87,2021-02-04,15:00:00,31.1,42.41
88,2021-02-04,16:00:00,32.8,50.71
89,2021-02-04,17:00:00,32.1,37.59
90,2021-02-04,18:00:00,30.2,39.54
91,2021-02-04,19:00:00,29.2,67.25
92,2021-02-04,20:00:00,29.0,45.37
93,2021-02-04,21:00:00,27.2,53.47
94,2021-02-04,22:00:00,26.2,79.23
95,2021-02-04,23:00:00,26.1,64.3
96,2021-02-05,00:00:00,26.0,64.99
97,2021-02-05,01:00:00,23.9,88.2
98,2021-02-05,02:00:00,24.0,73.23
99,2021-02-05,03:00:00,24.0,72.82
100,2021-02-05,04:00:00,21.9,92.63
101,2021-02-05,05:00:00,22.9,77.76
102,2021-02-05,06:00:00,22.2,76.37
103,2021-02-05,07:00:00,21.1,94.25
104,2021-02-05,08:00:00,25.0,57.07
105,2021-02-05,09:00:00,26.1,50.17
106,2021-02-05,10:00:00,29.0,57.41
107,2021-02-05,11:00:00,30.0,42.83
108,2021-02-05,12:00:00,31.9,34.35
109,2021-02-05,13:00:00,34.0,40.13
110,2021-02-05,14:00:00,32.9,31.91
111,2021-02-05,15:00:00,33.9,30.35
112,2021-02-05,16:00:00,35.0,37.92
113,2021-02-05,17:00:00,32.9,30.43
114,2021-02-05,18:00:00,31.9,36.23
115,2021-02-05,19:00:00,29.7,63.81
116,2021-02-05,20:00:00,29.8,43.27
117,2021-02-05,21:00:00,28.8,48.85
118,2021-02-05,22:00:00,25.6,75.01
119,2021-02-05,23:00:00,27.1,57.25
120,2021-02-06,00:00:00,26.1,60.39
121,2021-02-06,01:00:00,24.6,78.71
122,2021-02-06,02:00:00,25.1,68.23
123,2021-02-06,03:00:00,24.0,72.82
124,2021-02-06,04:00:00,22.6,90.92
125,2021-02-06,05:00:00,23.9,64.91
126,2021-02-06,06:00:00,24.0,64.93
127,2021-02-06,07:00:00,21.6,96.48
128,2021-02-06,08:00:00,25.0,68.97
129,2021-02-06,09:00:00,27.0,54.33
130,2021-02-06,10:00:00,30.0,52.65
131,2021-02-06,11:00:00,30.9,40.88
132,2021-02-06,12:00:00,31.0,40.68
133,2021-02-06,13:00:00,34.1,45.75
134,2021-02-06,14:00:00,32.9,34.43
135,2021-02-06,15:00:00,33.0,38.49
136,2021-02-06,16:00:00,34.6,45.85
137,2021-02-06,17:00:00,32.1,38.24
138,2021-02-06,18:00:00,31.1,42.89
139,2021-02-06,19:00:00,29.7,63.48
140,2021-02-06,20:00:00,29.0,48.62
141,2021-02-06,21:00:00,28.0,54.89
142,2021-02-06,22:00:00,26.2,78.18
143,2021-02-06,23:00:00,26.0,61.73
144,2021-02-07,00:00:00,26.9,59.15
145,2021-02-07,01:00:00,24.2,85.59
146,2021-02-07,02:00:00,25.0,74.61
147,2021-02-07,03:00:00,24.0,79.65
148,2021-02-07,04:00:00,23.9,88.49
149,2021-02-07,05:00:00,24.9,79.78
150,2021-02-07,06:00:00,23.9,84.24
151,2021-02-07,07:00:00,22.7,93.91
152,2021-02-07,08:00:00,25.9,79.48
153,2021-02-07,09:00:00,28.0,62.52
154,2021-02-07,10:00:00,29.5,61.28
155,2021-02-07,11:00:00,31.0,48.88
156,2021-02-07,12:00:00,32.0,45.92
157,2021-02-07,13:00:00,34.0,48.12
158,2021-02-07,14:00:00,33.9,38.74
159,2021-02-07,15:00:00,34.0,36.19
160,2021-02-07,16:00:00,35.3,42.86
161,2021-02-07,17:00:00,32.9,41.89
162,2021-02-07,18:00:00,32.7,39.95
163,2021-02-07,19:00:00,30.5,61.62
164,2021-02-07,20:00:00,28.9,66.67
165,2021-02-07,21:00:00,27.9,71.05
166,2021-02-07,22:00:00,28.0,77.02
167,2021-02-07,23:00:00,27.0,79.63
168,2021-02-08,00:00:00,27.0,84.12
169,2021-02-08,01:00:00,25.6,89.18
170,2021-02-08,02:00:00,26.0,89.23
171,2021-02-08,03:00:00,25.9,89.7
172,2021-02-08,04:00:00,24.2,96.89
173,2021-02-08,05:00:00,25.0,94.69
174,2021-02-08,06:00:00,25.1,93.69
175,2021-02-08,07:00:00,24.6,97.59
176,2021-02-08,08:00:00,25.2,98.95
177,2021-02-08,09:00:00,27.1,88.38
178,2021-02-08,10:00:00,28.5,84.28
179,2021-02-08,11:00:00,30.1,69.56
180,2021-02-08,12:00:00,31.0,62.5
181,2021-02-08,13:00:00,32.0,65.68
182,2021-02-08,14:00:00,32.9,55.78
183,2021-02-08,15:00:00,32.9,52.78
184,2021-02-08,16:00:00,31.0,65.45
185,2021-02-08,17:00:00,31.9,55.84
186,2021-02-08,18:00:00,30.8,59.41
187,2021-02-08,19:00:00,29.5,74.41
188,2021-02-08,20:00:00,28.0,74.7
189,2021-02-08,21:00:00,28.0,78.92
190,2021-02-08,22:00:00,28.1,83.71
191,2021-02-08,23:00:00,28.0,78.92
192,2021-02-09,00:00:00,28.0,78.92
193,2021-02-09,01:00:00,26.6,91.81
194,2021-02-09,02:00:00,27.9,79.33
195,2021-02-09,03:00:00,27.0,79.2
196,2021-02-09,04:00:00,25.1,95.66
197,2021-02-09,05:00:00,27.0,84.12
198,2021-02-09,06:00:00,27.0,83.68
199,2021-02-09,07:00:00,25.2,96.85
200,2021-02-09,08:00:00,27.0,84.57
201,2021-02-09,09:00:00,28.9,74.45
202,2021-02-09,10:00:00,28.9,78.89
203,2021-02-09,11:00:00,28.2,77.69
204,2021-02-09,12:00:00,30.1,65.84
205,2021-02-09,13:00:00,30.5,66.75
206,2021-02-09,14:00:00,28.6,68.07
207,2021-02-09,15:00:00,27.8,75.48
208,2021-02-09,16:00:00,28.7,67.87
209,2021-02-09,17:00:00,28.9,63.06
210,2021-02-09,18:00:00,28.0,74.29
211,2021-02-09,19:00:00,28.3,78.96
212,2021-02-09,20:00:00,27.1,78.37
213,2021-02-09,21:00:00,27.1,77.95
214,2021-02-09,22:00:00,26.2,86.05
215,2021-02-09,23:00:00,26.2,82.25
216,2021-02-10,00:00:00,26.0,79.06
217,2021-02-10,01:00:00,24.9,87.47
218,2021-02-10,02:00:00,24.9,84.35
219,2021-02-10,03:00:00,24.8,80.2
220,2021-02-10,04:00:00,24.0,84.87
221,2021-02-10,05:00:00,23.9,84.24
222,2021-02-10,06:00:00,23.9,83.78
223,2021-02-10,07:00:00,22.7,85.23
224,2021-02-10,08:00:00,23.9,79.2
225,2021-02-10,09:00:00,24.9,70.5
226,2021-02-10,10:00:00,28.0,66.18
227,2021-02-10,11:00:00,27.9,62.5
228,2021-02-10,12:00:00,29.0,55.44
229,2021-02-10,13:00:00,32.1,48.3
230,2021-02-10,14:00:00,30.9,49.4
231,2021-02-10,15:00:00,31.0,43.59
232,2021-02-10,16:00:00,33.1,48.43
233,2021-02-10,17:00:00,31.8,41.83
234,2021-02-10,18:00:00,29.9,46.39
235,2021-02-10,19:00:00,28.8,53.01
236,2021-02-10,20:00:00,27.8,56.74
237,2021-02-10,21:00:00,26.8,60.77
238,2021-02-10,22:00:00,26.8,68.14
239,2021-02-10,23:00:00,26.1,65.38
240,2021-02-11,00:00:00,26.0,68.86
241,2021-02-11,01:00:00,25.0,69.35
242,2021-02-11,02:00:00,24.0,73.62
243,2021-02-11,03:00:00,23.1,73.48
244,2021-02-11,04:00:00,23.0,74.19
245,2021-02-11,05:00:00,23.0,74.93
246,2021-02-11,06:00:00,22.0,83.57
247,2021-02-11,07:00:00,21.1,94.36
248,2021-02-11,08:00:00,23.1,77.46
249,2021-02-11,09:00:00,26.0,61.38
250,2021-02-11,10:00:00,27.1,56.76
251,2021-02-11,11:00:00,29.0,51.49
252,2021-02-11,12:00:00,31.0,48.39
253,2021-02-11,13:00:00,31.0,45.9
254,2021-02-11,14:00:00,31.8,39.73
255,2021-02-11,15:00:00,31.8,39.33
256,2021-02-11,16:00:00,32.8,34.87
257,2021-02-11,17:00:00,31.8,34.95
258,2021-02-11,18:00:00,31.0,38.7
259,2021-02-11,19:00:00,29.8,46.05
260,2021-02-11,20:00:00,28.8,48.79
261,2021-02-11,21:00:00,27.0,57.86
262,2021-02-11,22:00:00,27.1,56.76
263,2021-02-11,23:00:00,26.1,64.1
264,2021-02-12,00:00:00,25.1,63.88
265,2021-02-12,01:00:00,25.1,63.88
266,2021-02-12,02:00:00,24.1,63.67
267,2021-02-12,03:00:00,23.3,64.13
268,2021-02-12,04:00:00,23.0,68.96
269,2021-02-12,05:00:00,23.1,72.03
270,2021-02-12,06:00:00,23.1,71.32
271,2021-02-12,07:00:00,22.1,71.85
272,2021-02-12,08:00:00,24.0,64.27
273,2021-02-12,09:00:00,27.0,45.28
274,2021-02-12,10:00:00,28.1,44.68
275,2021-02-12,11:00:00,29.1,42.16
276,2021-02-12,12:00:00,30.1,42.0
277,2021-02-12,13:00:00,31.8,37.77
278,2021-02-12,14:00:00,32.0,37.82
279,2021-02-12,15:00:00,33.0,33.86
280,2021-02-12,16:00:00,33.0,33.86
281,2021-02-12,17:00:00,32.8,34.16
282,2021-02-12,18:00:00,31.8,34.59
283,2021-02-12,19:00:00,30.5,37.67
284,2021-02-12,20:00:00,27.6,48.81
285,2021-02-12,21:00:00,26.8,60.17
286,2021-02-12,22:00:00,26.8,60.77
287,2021-02-12,23:00:00,26.0,67.31
288,2021-02-13,00:00:00,26.0,67.31
289,2021-02-13,01:00:00,26.0,72.31
290,2021-02-13,02:00:00,26.0,80.16
291,2021-02-13,03:00:00,25.0,85.07
292,2021-02-13,04:00:00,24.1,88.61
293,2021-02-13,05:00:00,24.1,94.15
294,2021-02-13,06:00:00,24.1,93.26
295,2021-02-13,07:00:00,23.3,99.05
296,2021-02-13,08:00:00,24.1,92.37
297,2021-02-13,09:00:00,26.0,70.91
298,2021-02-13,10:00:00,28.8,66.57
299,2021-02-13,11:00:00,30.8,59.91
300,2021-02-13,12:00:00,31.0,55.31
301,2021-02-13,13:00:00,32.0,49.61
302,2021-02-13,14:00:00,32.8,39.6
303,2021-02-13,15:00:00,32.8,41.35
304,2021-02-13,16:00:00,32.8,42.6
305,2021-02-13,17:00:00,31.9,44.33
306,2021-02-13,18:00:00,30.8,56.19
307,2021-02-13,19:00:00,29.6,63.0
308,2021-02-13,20:00:00,27.9,66.83
309,2021-02-13,21:00:00,26.9,70.86
310,2021-02-13,22:00:00,27.0,76.87
311,2021-02-13,23:00:00,26.9,75.33
312,2021-02-14,00:00:00,26.0,89.23
313,2021-02-14,01:00:00,25.6,87.65
314,2021-02-14,02:00:00,26.1,88.29
315,2021-02-14,03:00:00,25.9,89.22
316,2021-02-14,04:00:00,23.9,95.76
317,2021-02-14,05:00:00,25.0,94.19
318,2021-02-14,06:00:00,24.9,94.19
319,2021-02-14,07:00:00,23.1,94.65
320,2021-02-14,08:00:00,25.1,88.68
321,2021-02-14,09:00:00,26.1,83.57
322,2021-02-14,10:00:00,29.1,74.46
323,2021-02-14,11:00:00,31.0,62.16
324,2021-02-14,12:00:00,31.9,55.24
325,2021-02-14,13:00:00,34.0,50.53
326,2021-02-14,14:00:00,32.1,45.95
327,2021-02-14,15:00:00,32.1,45.95
328,2021-02-14,16:00:00,33.5,51.82
329,2021-02-14,17:00:00,31.9,52.81
330,2021-02-14,18:00:00,30.8,56.19
331,2021-02-14,19:00:00,29.5,61.42
332,2021-02-14,20:00:00,28.8,63.38
333,2021-02-14,21:00:00,27.0,66.65
334,2021-02-14,22:00:00,27.5,73.26
335,2021-02-14,23:00:00,26.9,74.52
336,2021-02-15,00:00:00,26.9,75.33
337,2021-02-15,01:00:00,26.0,80.16
338,2021-02-15,02:00:00,26.0,89.23
339,2021-02-15,03:00:00,25.1,89.16
340,2021-02-15,04:00:00,24.6,91.82
341,2021-02-15,05:00:00,25.0,94.19
342,2021-02-15,06:00:00,25.0,94.19
343,2021-02-15,07:00:00,23.7,98.12
344,2021-02-15,08:00:00,25.1,88.69
345,2021-02-15,09:00:00,26.2,83.14
346,2021-02-15,10:00:00,29.3,75.79
347,2021-02-15,11:00:00,30.1,61.96
348,2021-02-15,12:00:00,32.8,53.04
349,2021-02-15,13:00:00,33.0,55.08
350,2021-02-15,14:00:00,33.8,47.17
351,2021-02-15,15:00:00,33.8,44.59
352,2021-02-15,16:00:00,33.8,50.51
353,2021-02-15,17:00:00,31.8,47.42
354,2021-02-15,18:00:00,30.8,56.49
355,2021-02-15,19:00:00,30.3,65.11
356,2021-02-15,20:00:00,27.9,74.69
357,2021-02-15,21:00:00,27.9,75.09
358,2021-02-15,22:00:00,27.8,78.89
359,2021-02-15,23:00:00,27.0,78.78
360,2021-02-16,00:00:00,26.9,79.62
361,2021-02-16,01:00:00,26.4,87.67
362,2021-02-16,02:00:00,26.0,88.76
363,2021-02-16,03:00:00,26.0,88.76
364,2021-02-16,04:00:00,24.7,96.3
365,2021-02-16,05:00:00,25.2,88.22
366,2021-02-16,06:00:00,24.3,93.16
367,2021-02-16,07:00:00,24.1,97.47
368,2021-02-16,08:00:00,25.2,93.7
369,2021-02-16,09:00:00,27.1,83.24
370,2021-02-16,10:00:00,30.0,72.78
371,2021-02-16,11:00:00,31.9,59.02
372,2021-02-16,12:00:00,31.9,58.71
373,2021-02-16,13:00:00,32.2,60.75
374,2021-02-16,14:00:00,32.9,49.91
375,2021-02-16,15:00:00,32.9,49.64
376,2021-02-16,16:00:00,33.5,55.2
377,2021-02-16,17:00:00,31.9,55.54
378,2021-02-16,18:00:00,30.9,59.11
379,2021-02-16,19:00:00,32.1,56.36
380,2021-02-16,20:00:00,28.9,67.03
381,2021-02-16,21:00:00,28.0,74.7
382,2021-02-16,22:00:00,27.7,79.75
383,2021-02-16,23:00:00,28.0,74.7
384,2021-02-17,00:00:00,27.0,83.68
385,2021-02-17,01:00:00,26.7,86.14
386,2021-02-17,02:00:00,27.0,83.68
387,2021-02-17,03:00:00,27.0,83.68
388,2021-02-17,04:00:00,25.2,96.32
389,2021-02-17,05:00:00,25.2,93.2
390,2021-02-17,06:00:00,25.1,94.19
391,2021-02-17,07:00:00,25.1,93.04
392,2021-02-17,08:00:00,26.0,89.23
393,2021-02-17,09:00:00,27.1,83.69
394,2021-02-17,10:00:00,28.1,84.18
395,2021-02-17,11:00:00,31.0,62.5
396,2021-02-17,12:00:00,31.9,55.84
397,2021-02-17,13:00:00,33.5,57.87
398,2021-02-17,14:00:00,33.0,49.4
399,2021-02-17,15:00:00,34.0,43.91
400,2021-02-17,16:00:00,34.5,51.76
401,2021-02-17,17:00:00,31.9,59.66
402,2021-02-17,18:00:00,30.8,63.13
403,2021-02-17,19:00:00,30.0,71.64
404,2021-02-17,20:00:00,28.0,74.7
405,2021-02-17,21:00:00,28.0,78.92
406,2021-02-17,22:00:00,28.1,83.72
407,2021-02-17,23:00:00,27.0,83.68
408,2021-02-18,00:00:00,27.0,83.23
409,2021-02-18,01:00:00,27.0,87.73
410,2021-02-18,02:00:00,27.0,83.68
411,2021-02-18,03:00:00,26.0,88.76
412,2021-02-18,04:00:00,26.0,91.95
413,2021-02-18,05:00:00,25.0,93.69
414,2021-02-18,06:00:00,25.0,73.0
415,2021-02-18,07:00:00,22.2,89.2
416,2021-02-18,08:00:00,24.9,61.48
417,2021-02-18,09:00:00,26.9,51.54
418,2021-02-18,10:00:00,29.1,53.11
419,2021-02-18,11:00:00,29.0,45.63
420,2021-02-18,12:00:00,29.9,45.88
421,2021-02-18,13:00:00,32.1,49.12
422,2021-02-18,14:00:00,31.1,45.43
423,2021-02-18,15:00:00,31.1,42.89
424,2021-02-18,16:00:00,33.1,46.45
425,2021-02-18,17:00:00,31.1,42.65
426,2021-02-18,18:00:00,30.1,45.41
427,2021-02-18,19:00:00,29.6,63.83
428,2021-02-18,20:00:00,28.9,51.77
429,2021-02-18,21:00:00,28.0,54.58
430,2021-02-18,22:00:00,26.1,69.84
431,2021-02-18,23:00:00,26.2,60.41
432,2021-02-19,00:00:00,27.0,51.27
433,2021-02-19,01:00:00,23.6,74.7
434,2021-02-19,02:00:00,24.1,64.59
435,2021-02-19,03:00:00,24.0,64.93
436,2021-02-19,04:00:00,22.7,73.2
437,2021-02-19,05:00:00,22.1,68.79
438,2021-02-19,06:00:00,22.0,69.16
439,2021-02-19,07:00:00,21.1,83.29
440,2021-02-19,08:00:00,23.0,68.58
441,2021-02-19,09:00:00,24.9,57.7
442,2021-02-19,10:00:00,27.1,59.24
443,2021-02-19,11:00:00,28.0,48.09
444,2021-02-19,12:00:00,29.9,38.07
445,2021-02-19,13:00:00,32.1,45.29
446,2021-02-19,14:00:00,30.9,38.35
447,2021-02-19,15:00:00,31.0,38.15
448,2021-02-19,16:00:00,33.1,46.36
449,2021-02-19,17:00:00,31.0,37.94
450,2021-02-19,18:00:00,30.0,42.83
451,2021-02-19,19:00:00,29.1,45.4
452,2021-02-19,20:00:00,29.0,45.82
453,2021-02-19,21:00:00,28.0,48.08
454,2021-02-19,22:00:00,26.3,55.99
455,2021-02-19,23:00:00,25.4,58.85
456,2021-02-20,00:00:00,25.3,59.41
457,2021-02-20,01:00:00,24.3,62.44
458,2021-02-20,02:00:00,24.3,59.17
459,2021-02-20,03:00:00,23.1,64.09
460,2021-02-20,04:00:00,22.8,65.33
461,2021-02-20,05:00:00,22.1,68.1
462,2021-02-20,06:00:00,22.0,69.46
463,2021-02-20,07:00:00,21.1,73.13
464,2021-02-20,08:00:00,23.0,65.37
465,2021-02-20,09:00:00,24.1,60.35
466,2021-02-20,10:00:00,26.1,53.57
467,2021-02-20,11:00:00,28.8,45.78
468,2021-02-20,12:00:00,29.8,40.94
469,2021-02-20,13:00:00,30.0,40.16
470,2021-02-20,14:00:00,31.0,38.31
471,2021-02-20,15:00:00,31.0,38.31
472,2021-02-20,16:00:00,31.1,37.58
473,2021-02-20,17:00:00,31.0,40.43
474,2021-02-20,18:00:00,30.0,40.57
475,2021-02-20,19:00:00,28.7,48.11
476,2021-02-20,20:00:00,27.8,49.01
477,2021-02-20,21:00:00,27.6,49.97
478,2021-02-20,22:00:00,27.0,54.32
479,2021-02-20,23:00:00,26.8,55.38
480,2021-02-21,00:00:00,,
481,2021-02-21,01:00:00,24.0,73.04
482,2021-02-21,02:00:00,23.3,75.22
483,2021-02-21,03:00:00,23.3,70.64
484,2021-02-21,04:00:00,22.8,74.34
485,2021-02-21,05:00:00,22.6,70.29
486,2021-02-21,06:00:00,22.8,70.32
487,2021-02-21,07:00:00,22.0,76.94
488,2021-02-21,08:00:00,24.0,69.84
489,2021-02-21,09:00:00,26.1,53.57
490,2021-02-21,10:00:00,29.1,43.59
491,2021-02-21,11:00:00,30.0,40.57
492,2021-02-21,12:00:00,31.0,37.92
493,2021-02-21,13:00:00,32.8,33.78
494,2021-02-21,14:00:00,33.0,32.07
495,2021-02-21,15:00:00,33.0,32.07
496,2021-02-21,16:00:00,33.1,32.87
497,2021-02-21,17:00:00,33.0,32.07
498,2021-02-21,18:00:00,32.0,33.93
499,2021-02-21,19:00:00,30.6,39.51
500,2021-02-21,20:00:00,29.5,46.28
501,2021-02-21,21:00:00,28.6,46.05
502,2021-02-21,22:00:00,25.9,73.62
503,2021-02-21,23:00:00,26.0,70.22
504,2021-02-22,00:00:00,25.8,70.88
505,2021-02-22,01:00:00,25.4,80.9
506,2021-02-22,02:00:00,25.9,79.48
507,2021-02-22,03:00:00,25.0,83.9
508,2021-02-22,04:00:00,22.4,92.83
509,2021-02-22,05:00:00,24.0,89.08
510,2021-02-22,06:00:00,23.2,94.11
511,2021-02-22,07:00:00,22.1,97.51
512,2021-02-22,08:00:00,24.1,88.61
513,2021-02-22,09:00:00,27.1,78.37
514,2021-02-22,10:00:00,28.8,73.49
515,2021-02-22,11:00:00,30.0,58.58
516,2021-02-22,12:00:00,31.8,52.79
517,2021-02-22,13:00:00,33.5,51.94
518,2021-02-22,14:00:00,32.9,44.35
519,2021-02-22,15:00:00,33.8,42.45
520,2021-02-22,16:00:00,35.0,51.73
521,2021-02-22,17:00:00,31.8,52.79
522,2021-02-22,18:00:00,30.7,53.1
523,2021-02-22,19:00:00,30.8,62.47
524,2021-02-22,20:00:00,27.9,66.47
525,2021-02-22,21:00:00,26.9,70.86
526,2021-02-22,22:00:00,27.6,74.25
527,2021-02-22,23:00:00,26.9,79.19
528,2021-02-23,00:00:00,26.9,79.19
529,2021-02-23,01:00:00,26.4,87.09
530,2021-02-23,02:00:00,26.0,83.56
531,2021-02-23,03:00:00,26.0,83.56
532,2021-02-23,04:00:00,24.2,96.29
533,2021-02-23,05:00:00,24.0,94.15
534,2021-02-23,06:00:00,24.0,94.15
535,2021-02-23,07:00:00,23.6,95.8
536,2021-02-23,08:00:00,25.0,88.68
537,2021-02-23,09:00:00,26.1,83.13
538,2021-02-23,10:00:00,30.0,71.49
539,2021-02-23,11:00:00,31.8,56.12
540,2021-02-23,12:00:00,31.9,55.84
541,2021-02-23,13:00:00,33.6,57.54
542,2021-02-23,14:00:00,32.9,49.91
543,2021-02-23,15:00:00,33.8,47.17
544,2021-02-23,16:00:00,35.0,48.67
545,2021-02-23,17:00:00,32.8,47.16
546,2021-02-23,18:00:00,31.8,49.91
547,2021-02-23,19:00:00,31.5,62.95
548,2021-02-23,20:00:00,27.9,70.28
549,2021-02-23,21:00:00,27.9,66.83
550,2021-02-23,22:00:00,28.0,77.01
551,2021-02-23,23:00:00,27.0,74.94
552,2021-02-24,00:00:00,26.9,79.62
553,2021-02-24,01:00:00,26.8,81.23
554,2021-02-24,02:00:00,26.9,84.11
555,2021-02-24,03:00:00,26.0,88.76
556,2021-02-24,04:00:00,26.0,88.75
557,2021-02-24,05:00:00,26.0,88.76
558,2021-02-24,06:00:00,26.0,88.29
559,2021-02-24,07:00:00,24.2,98.06
560,2021-02-24,08:00:00,26.1,87.83
561,2021-02-24,09:00:00,29.0,70.11
562,2021-02-24,10:00:00,30.2,72.27
563,2021-02-24,11:00:00,31.9,55.24
564,2021-02-24,12:00:00,33.8,47.17
565,2021-02-24,13:00:00,34.6,52.81
566,2021-02-24,14:00:00,33.8,46.91
567,2021-02-24,15:00:00,33.9,43.89
568,2021-02-24,16:00:00,35.1,48.44
569,2021-02-24,17:00:00,32.8,46.91
570,2021-02-24,18:00:00,30.8,52.25
571,2021-02-24,19:00:00,30.8,62.41
572,2021-02-24,20:00:00,28.0,62.18
573,2021-02-24,21:00:00,27.9,66.11
574,2021-02-24,22:00:00,27.1,77.26
575,2021-02-24,23:00:00,27.0,74.14
576,2021-02-25,00:00:00,26.9,74.52
577,2021-02-25,01:00:00,26.2,84.45
578,2021-02-25,02:00:00,26.0,83.56
579,2021-02-25,03:00:00,25.9,84.0
580,2021-02-25,04:00:00,24.4,92.89
581,2021-02-25,05:00:00,25.0,89.16
582,2021-02-25,06:00:00,24.1,88.61
583,2021-02-25,07:00:00,23.7,94.04
584,2021-02-25,08:00:00,25.1,88.69
585,2021-02-25,09:00:00,27.1,78.79
586,2021-02-25,10:00:00,30.1,71.46
587,2021-02-25,11:00:00,32.1,48.89
588,2021-02-25,12:00:00,33.0,43.64
589,2021-02-25,13:00:00,34.6,50.23
590,2021-02-25,14:00:00,35.0,36.66
591,2021-02-25,15:00:00,35.8,35.82
592,2021-02-25,16:00:00,36.6,43.66
593,2021-02-25,17:00:00,34.7,38.05
594,2021-02-25,18:00:00,34.6,36.1
595,2021-02-25,19:00:00,32.0,57.23
596,2021-02-25,20:00:00,30.8,59.41
597,2021-02-25,21:00:00,28.9,63.4
598,2021-02-25,22:00:00,29.3,70.11
599,2021-02-25,23:00:00,28.9,63.4
600,2021-02-26,00:00:00,27.9,71.43
601,2021-02-26,01:00:00,27.3,81.18
602,2021-02-26,02:00:00,27.0,75.35
603,2021-02-26,03:00:00,26.0,84.46
604,2021-02-26,04:00:00,26.1,88.69
605,2021-02-26,05:00:00,26.0,84.46
606,2021-02-26,06:00:00,25.9,89.7
607,2021-02-26,07:00:00,24.1,95.71
608,2021-02-26,08:00:00,27.9,63.88
609,2021-02-26,09:00:00,29.9,44.53
610,2021-02-26,10:00:00,31.5,48.29
611,2021-02-26,11:00:00,32.9,34.24
612,2021-02-26,12:00:00,34.1,31.87
613,2021-02-26,13:00:00,36.0,42.39
614,2021-02-26,14:00:00,35.9,27.63
615,2021-02-26,15:00:00,36.8,24.92
616,2021-02-26,16:00:00,38.5,34.76
617,2021-02-26,17:00:00,35.8,35.23
618,2021-02-26,18:00:00,33.8,33.09
619,2021-02-26,19:00:00,33.0,44.49
620,2021-02-26,20:00:00,30.8,50.2
621,2021-02-26,21:00:00,28.9,62.38
622,2021-02-26,22:00:00,28.5,73.36
623,2021-02-26,23:00:00,27.1,74.15
624,2021-02-27,00:00:00,27.9,75.09
625,2021-02-27,01:00:00,27.5,77.07
626,2021-02-27,02:00:00,26.9,84.11
627,2021-02-27,03:00:00,26.9,84.11
628,2021-02-27,04:00:00,26.5,80.29
629,2021-02-27,05:00:00,25.9,89.22
630,2021-02-27,06:00:00,24.9,89.63
631,2021-02-27,07:00:00,24.1,97.56
632,2021-02-27,08:00:00,25.1,94.19
633,2021-02-27,09:00:00,28.0,78.92
634,2021-02-27,10:00:00,29.9,53.23
635,2021-02-27,11:00:00,32.0,37.29
636,2021-02-27,12:00:00,33.9,33.3
637,2021-02-27,13:00:00,35.1,42.08
638,2021-02-27,14:00:00,35.8,25.09
639,2021-02-27,15:00:00,36.8,23.34
640,2021-02-27,16:00:00,37.1,31.77
641,2021-02-27,17:00:00,35.8,35.88
642,2021-02-27,18:00:00,32.9,36.71
643,2021-02-27,19:00:00,32.1,52.09
644,2021-02-27,20:00:00,29.9,47.18
645,2021-02-27,21:00:00,29.7,56.85
646,2021-02-27,22:00:00,28.8,67.16
647,2021-02-27,23:00:00,27.0,79.2
648,2021-02-28,00:00:00,27.9,75.09
649,2021-02-28,01:00:00,26.1,88.66
650,2021-02-28,02:00:00,26.0,88.76
651,2021-02-28,03:00:00,25.9,89.22
652,2021-02-28,04:00:00,24.1,95.79
653,2021-02-28,05:00:00,25.0,89.16
654,2021-02-28,06:00:00,24.1,94.15
655,2021-02-28,07:00:00,23.9,96.95
656,2021-02-28,08:00:00,25.2,93.7
657,2021-02-28,09:00:00,28.0,78.5
658,2021-02-28,10:00:00,30.2,75.36
659,2021-02-28,11:00:00,32.8,56.36
660,2021-02-28,12:00:00,32.9,55.78
661,2021-02-28,13:00:00,35.5,55.72
662,2021-02-28,14:00:00,33.9,52.46
663,2021-02-28,15:00:00,33.9,49.9
664,2021-02-28,16:00:00,35.5,51.8
665,2021-02-28,17:00:00,32.8,50.16
666,2021-02-28,18:00:00,30.9,56.21
667,2021-02-28,19:00:00,30.5,63.6
668,2021-02-28,20:00:00,28.0,74.7
669,2021-02-28,21:00:00,28.0,74.7
670,2021-02-28,22:00:00,27.6,83.65
671,2021-02-28,23:00:00,27.0,83.68
