,rh,utc,app_temps,wind_dir,local,datetime,temp,ts
0,74,2021-12-31T17:00:00,24.7,145,2022-01-01T00:00:00,2021-12-31:17,24.3,1640970000
1,74,2021-12-31T18:00:00,24.4,40,2022-01-01T01:00:00,2021-12-31:18,24.0,1640973600
2,74,2021-12-31T19:00:00,23.8,35,2022-01-01T02:00:00,2021-12-31:19,23.5,1640977200
3,75,2021-12-31T20:00:00,23.3,35,2022-01-01T03:00:00,2021-12-31:20,23.0,1640980800
4,75,2021-12-31T21:00:00,22.8,30,2022-01-01T04:00:00,2021-12-31:21,22.5,1640984400
5,79,2021-12-31T22:00:00,22.0,173,2022-01-01T05:00:00,2021-12-31:22,21.7,1640988000
6,79,2021-12-31T23:00:00,22.0,175,2022-01-01T06:00:00,2021-12-31:23,21.7,1640991600
7,81,2022-01-01T00:00:00,21.3,10,2022-01-01T07:00:00,2022-01-01:00,21.0,1640995200
8,74,2022-01-01T01:00:00,23.3,10,2022-01-01T08:00:00,2022-01-01:01,23.0,1640998800
9,68,2022-01-01T02:00:00,25.3,10,2022-01-01T09:00:00,2022-01-01:02,25.0,1641002400
10,62,2022-01-01T03:00:00,28.2,10,2022-01-01T10:00:00,2022-01-01:03,27.0,1641006000
11,59,2022-01-01T04:00:00,29.6,110,2022-01-01T11:00:00,2022-01-01:04,28.2,1641009600
12,56,2022-01-01T05:00:00,30.9,210,2022-01-01T12:00:00,2022-01-01:05,29.3,1641013200
13,53,2022-01-01T06:00:00,32.4,310,2022-01-01T13:00:00,2022-01-01:06,30.5,1641016800
14,51,2022-01-01T07:00:00,32.3,210,2022-01-01T14:00:00,2022-01-01:07,30.7,1641020400
15,50,2022-01-01T08:00:00,32.3,110,2022-01-01T15:00:00,2022-01-01:08,30.8,1641024000
16,48,2022-01-01T09:00:00,32.2,10,2022-01-01T16:00:00,2022-01-01:09,31.0,1641027600
17,51,2022-01-01T10:00:00,31.7,15,2022-01-01T17:00:00,2022-01-01:10,30.3,1641031200
18,54,2022-01-01T11:00:00,31.2,15,2022-01-01T18:00:00,2022-01-01:11,29.7,1641034800
19,57,2022-01-01T12:00:00,30.6,20,2022-01-01T19:00:00,2022-01-01:12,29.0,1641038400
20,62,2022-01-01T13:00:00,29.5,25,2022-01-01T20:00:00,2022-01-01:13,27.9,1641042000
21,68,2022-01-01T14:00:00,28.5,25,2022-01-01T21:00:00,2022-01-01:14,26.9,1641045600
22,73,2022-01-01T15:00:00,26.3,30,2022-01-01T22:00:00,2022-01-01:15,25.8,1641049200
23,74,2022-01-01T16:00:00,25.8,35,2022-01-01T23:00:00,2022-01-01:16,25.3,1641052800
24,74,2022-01-01T17:00:00,25.3,35,2022-01-02T00:00:00,2022-01-01:17,24.8,1641056400
25,75,2022-01-01T18:00:00,24.7,40,2022-01-02T01:00:00,2022-01-01:18,24.3,1641060000
26,76,2022-01-01T19:00:00,24.3,40,2022-01-02T02:00:00,2022-01-01:19,23.9,1641063600
27,78,2022-01-01T20:00:00,23.8,40,2022-01-02T03:00:00,2022-01-01:20,23.4,1641067200
28,80,2022-01-01T21:00:00,23.4,40,2022-01-02T04:00:00,2022-01-01:21,23.0,1641070800
29,83,2022-01-01T22:00:00,23.1,55,2022-01-02T05:00:00,2022-01-01:22,22.6,1641074400
30,86,2022-01-01T23:00:00,22.7,65,2022-01-02T06:00:00,2022-01-01:23,22.2,1641078000
31,90,2022-01-02T00:00:00,22.4,80,2022-01-02T07:00:00,2022-01-02:00,21.8,1641081600
32,78,2022-01-02T01:00:00,24.3,125,2022-01-02T08:00:00,2022-01-02:01,23.8,1641085200
33,68,2022-01-02T02:00:00,26.2,175,2022-01-02T09:00:00,2022-01-02:02,25.8,1641088800
34,59,2022-01-02T03:00:00,29.1,220,2022-01-02T10:00:00,2022-01-02:03,27.8,1641092400
35,55,2022-01-02T04:00:00,30.2,200,2022-01-02T11:00:00,2022-01-02:04,28.9,1641096000
36,51,2022-01-02T05:00:00,31.4,180,2022-01-02T12:00:00,2022-01-02:05,30.1,1641099600
37,48,2022-01-02T06:00:00,32.6,160,2022-01-02T13:00:00,2022-01-02:06,31.2,1641103200
38,47,2022-01-02T07:00:00,32.7,215,2022-01-02T14:00:00,2022-01-02:07,31.4,1641106800
39,47,2022-01-02T08:00:00,33.0,265,2022-01-02T15:00:00,2022-01-02:08,31.6,1641110400
40,46,2022-01-02T09:00:00,33.1,320,2022-01-02T16:00:00,2022-01-02:09,31.8,1641114000
41,52,2022-01-02T10:00:00,32.3,285,2022-01-02T17:00:00,2022-01-02:10,30.6,1641117600
42,57,2022-01-02T11:00:00,31.2,255,2022-01-02T18:00:00,2022-01-02:11,29.4,1641121200
43,64,2022-01-02T12:00:00,30.2,220,2022-01-02T19:00:00,2022-01-02:12,28.2,1641124800
44,68,2022-01-02T13:00:00,28.9,185,2022-01-02T20:00:00,2022-01-02:13,27.1,1641128400
45,72,2022-01-02T14:00:00,26.4,155,2022-01-02T21:00:00,2022-01-02:14,25.9,1641132000
46,77,2022-01-02T15:00:00,25.3,120,2022-01-02T22:00:00,2022-01-02:15,24.8,1641135600
47,76,2022-01-02T16:00:00,25.0,85,2022-01-02T23:00:00,2022-01-02:16,24.5,1641139200
48,75,2022-01-02T17:00:00,24.7,55,2022-01-03T00:00:00,2022-01-02:17,24.3,1641142800
49,75,2022-01-02T18:00:00,24.4,20,2022-01-03T01:00:00,2022-01-02:18,24.0,1641146400
50,75,2022-01-02T19:00:00,24.1,25,2022-01-03T02:00:00,2022-01-02:19,23.7,1641150000
51,75,2022-01-02T20:00:00,23.8,35,2022-01-03T03:00:00,2022-01-02:20,23.4,1641153600
52,76,2022-01-02T21:00:00,23.4,40,2022-01-03T04:00:00,2022-01-02:21,23.1,1641157200
53,77,2022-01-02T22:00:00,23.3,140,2022-01-03T05:00:00,2022-01-02:22,22.9,1641160800
54,78,2022-01-02T23:00:00,23.0,240,2022-01-03T06:00:00,2022-01-02:23,22.6,1641164400
55,79,2022-01-03T00:00:00,22.8,340,2022-01-03T07:00:00,2022-01-03:00,22.4,1641168000
56,72,2022-01-03T01:00:00,24.4,255,2022-01-03T08:00:00,2022-01-03:01,24.1,1641171600
57,66,2022-01-03T02:00:00,26.2,165,2022-01-03T09:00:00,2022-01-03:02,25.8,1641175200
58,61,2022-01-03T03:00:00,28.8,80,2022-01-03T10:00:00,2022-01-03:03,27.5,1641178800
59,57,2022-01-03T04:00:00,30.0,65,2022-01-03T11:00:00,2022-01-03:04,28.6,1641182400
60,54,2022-01-03T05:00:00,31.4,55,2022-01-03T12:00:00,2022-01-03:05,29.8,1641186000
61,50,2022-01-03T06:00:00,32.5,40,2022-01-03T13:00:00,2022-01-03:06,30.9,1641189600
62,50,2022-01-03T07:00:00,32.8,65,2022-01-03T14:00:00,2022-01-03:07,31.1,1641193200
63,49,2022-01-03T08:00:00,32.7,95,2022-01-03T15:00:00,2022-01-03:08,31.2,1641196800
64,48,2022-01-03T09:00:00,32.9,120,2022-01-03T16:00:00,2022-01-03:09,31.4,1641200400
65,53,2022-01-03T10:00:00,32.0,85,2022-01-03T17:00:00,2022-01-03:10,30.3,1641204000
66,59,2022-01-03T11:00:00,31.2,45,2022-01-03T18:00:00,2022-01-03:11,29.2,1641207600
67,65,2022-01-03T12:00:00,30.2,10,2022-01-03T19:00:00,2022-01-03:12,28.1,1641211200
68,67,2022-01-03T13:00:00,29.4,15,2022-01-03T20:00:00,2022-01-03:13,27.5,1641214800
69,70,2022-01-03T14:00:00,28.5,15,2022-01-03T21:00:00,2022-01-03:14,26.8,1641218400
70,72,2022-01-03T15:00:00,26.8,20,2022-01-03T22:00:00,2022-01-03:15,26.2,1641222000
71,76,2022-01-03T16:00:00,26.1,135,2022-01-03T23:00:00,2022-01-03:16,25.5,1641225600
72,80,2022-01-03T17:00:00,25.5,245,2022-01-04T00:00:00,2022-01-03:17,24.9,1641229200
73,85,2022-01-03T18:00:00,24.9,360,2022-01-04T01:00:00,2022-01-03:18,24.2,1641232800
74,84,2022-01-03T19:00:00,24.8,325,2022-01-04T02:00:00,2022-01-03:19,24.1,1641236400
75,83,2022-01-03T20:00:00,24.5,290,2022-01-04T03:00:00,2022-01-03:20,23.9,1641240000
76,82,2022-01-03T21:00:00,24.4,255,2022-01-04T04:00:00,2022-01-03:21,23.8,1641243600
77,83,2022-01-03T22:00:00,24.3,220,2022-01-04T05:00:00,2022-01-03:22,23.7,1641247200
78,85,2022-01-03T23:00:00,24.2,190,2022-01-04T06:00:00,2022-01-03:23,23.6,1641250800
79,86,2022-01-04T00:00:00,24.2,155,2022-01-04T07:00:00,2022-01-04:00,23.5,1641254400
80,79,2022-01-04T01:00:00,25.4,120,2022-01-04T08:00:00,2022-01-04:01,24.8,1641258000
81,72,2022-01-04T02:00:00,26.8,85,2022-01-04T09:00:00,2022-01-04:02,26.2,1641261600
82,66,2022-01-04T03:00:00,29.3,50,2022-01-04T10:00:00,2022-01-04:03,27.5,1641265200
83,63,2022-01-04T04:00:00,31.1,50,2022-01-04T11:00:00,2022-01-04:04,28.8,1641268800
84,59,2022-01-04T05:00:00,33.0,50,2022-01-04T12:00:00,2022-01-04:05,30.2,1641272400
85,56,2022-01-04T06:00:00,34.9,50,2022-01-04T13:00:00,2022-01-04:06,31.5,1641276000
86,53,2022-01-04T07:00:00,34.9,45,2022-01-04T14:00:00,2022-01-04:07,31.9,1641279600
87,51,2022-01-04T08:00:00,35.2,35,2022-01-04T15:00:00,2022-01-04:08,32.3,1641283200
88,48,2022-01-04T09:00:00,35.2,30,2022-01-04T16:00:00,2022-01-04:09,32.7,1641286800
89,53,2022-01-04T10:00:00,33.8,35,2022-01-04T17:00:00,2022-01-04:10,31.3,1641290400
90,58,2022-01-04T11:00:00,32.3,35,2022-01-04T18:00:00,2022-01-04:11,29.9,1641294000
91,63,2022-01-04T12:00:00,30.6,40,2022-01-04T19:00:00,2022-01-04:12,28.5,1641297600
92,66,2022-01-04T13:00:00,30.0,40,2022-01-04T20:00:00,2022-01-04:13,27.9,1641301200
93,68,2022-01-04T14:00:00,29.3,45,2022-01-04T21:00:00,2022-01-04:14,27.4,1641304800
94,70,2022-01-04T15:00:00,28.5,45,2022-01-04T22:00:00,2022-01-04:15,26.8,1641308400
95,71,2022-01-04T16:00:00,27.1,45,2022-01-04T23:00:00,2022-01-04:16,26.5,1641312000
96,72,2022-01-04T17:00:00,26.9,50,2022-01-05T00:00:00,2022-01-04:17,26.3,1641315600
97,73,2022-01-04T18:00:00,26.6,50,2022-01-05T01:00:00,2022-01-04:18,26.0,1641319200
98,73,2022-01-04T19:00:00,26.3,50,2022-01-05T02:00:00,2022-01-04:19,25.8,1641322800
99,73,2022-01-04T20:00:00,26.2,50,2022-01-05T03:00:00,2022-01-04:20,25.7,1641326400
100,73,2022-01-04T21:00:00,26.0,50,2022-01-05T04:00:00,2022-01-04:21,25.5,1641330000
101,76,2022-01-04T22:00:00,25.0,50,2022-01-05T05:00:00,2022-01-04:22,24.5,1641333600
102,80,2022-01-04T23:00:00,24.0,50,2022-01-05T06:00:00,2022-01-04:23,23.5,1641337200
103,84,2022-01-05T00:00:00,23.0,50,2022-01-05T07:00:00,2022-01-05:00,22.5,1641340800
104,73,2022-01-05T01:00:00,25.2,50,2022-01-05T08:00:00,2022-01-05:01,24.8,1641344400
105,63,2022-01-05T02:00:00,28.6,50,2022-01-05T09:00:00,2022-01-05:02,27.2,1641348000
106,55,2022-01-05T03:00:00,31.1,50,2022-01-05T10:00:00,2022-01-05:03,29.5,1641351600
107,48,2022-01-05T04:00:00,31.9,40,2022-01-05T11:00:00,2022-01-05:04,30.8,1641355200
108,43,2022-01-05T05:00:00,32.8,30,2022-01-05T12:00:00,2022-01-05:05,32.0,1641358800
109,38,2022-01-05T06:00:00,33.8,20,2022-01-05T13:00:00,2022-01-05:06,33.3,1641362400
110,38,2022-01-05T07:00:00,34.3,60,2022-01-05T14:00:00,2022-01-05:07,33.6,1641366000
111,39,2022-01-05T08:00:00,35.0,100,2022-01-05T15:00:00,2022-01-05:08,33.9,1641369600
112,39,2022-01-05T09:00:00,35.5,140,2022-01-05T16:00:00,2022-01-05:09,34.2,1641373200
113,45,2022-01-05T10:00:00,34.1,135,2022-01-05T17:00:00,2022-01-05:10,32.5,1641376800
114,51,2022-01-05T11:00:00,32.3,130,2022-01-05T18:00:00,2022-01-05:11,30.7,1641380400
115,59,2022-01-05T12:00:00,30.9,125,2022-01-05T19:00:00,2022-01-05:12,29.0,1641384000
116,64,2022-01-05T13:00:00,29.7,120,2022-01-05T20:00:00,2022-01-05:13,27.9,1641387600
117,70,2022-01-05T14:00:00,28.4,110,2022-01-05T21:00:00,2022-01-05:14,26.7,1641391200
118,76,2022-01-05T15:00:00,26.2,105,2022-01-05T22:00:00,2022-01-05:15,25.6,1641394800
119,77,2022-01-05T16:00:00,26.0,100,2022-01-05T23:00:00,2022-01-05:16,25.4,1641398400
120,79,2022-01-05T17:00:00,25.7,95,2022-01-06T00:00:00,2022-01-05:17,25.1,1641402000
121,80,2022-01-05T18:00:00,25.5,90,2022-01-06T01:00:00,2022-01-05:18,24.9,1641405600
122,82,2022-01-05T19:00:00,24.9,85,2022-01-06T02:00:00,2022-01-05:19,24.3,1641409200
123,84,2022-01-05T20:00:00,24.3,80,2022-01-06T03:00:00,2022-01-05:20,23.7,1641412800
124,86,2022-01-05T21:00:00,23.7,75,2022-01-06T04:00:00,2022-01-05:21,23.1,1641416400
125,89,2022-01-05T22:00:00,23.2,70,2022-01-06T05:00:00,2022-01-05:22,22.6,1641420000
126,91,2022-01-05T23:00:00,22.9,60,2022-01-06T06:00:00,2022-01-05:23,22.2,1641423600
127,94,2022-01-06T00:00:00,22.4,55,2022-01-06T07:00:00,2022-01-06:00,21.7,1641427200
128,78,2022-01-06T01:00:00,25.2,50,2022-01-06T08:00:00,2022-01-06:01,24.6,1641430800
129,65,2022-01-06T02:00:00,29.2,45,2022-01-06T09:00:00,2022-01-06:02,27.5,1641434400
130,54,2022-01-06T03:00:00,32.4,40,2022-01-06T10:00:00,2022-01-06:03,30.4,1641438000
131,48,2022-01-06T04:00:00,33.2,135,2022-01-06T11:00:00,2022-01-06:04,31.6,1641441600
132,43,2022-01-06T05:00:00,34.0,225,2022-01-06T12:00:00,2022-01-06:05,32.7,1641445200
133,38,2022-01-06T06:00:00,34.8,320,2022-01-06T13:00:00,2022-01-06:06,33.9,1641448800
134,38,2022-01-06T07:00:00,34.9,305,2022-01-06T14:00:00,2022-01-06:07,34.0,1641452400
135,39,2022-01-06T08:00:00,35.3,285,2022-01-06T15:00:00,2022-01-06:08,34.1,1641456000
136,40,2022-01-06T09:00:00,35.8,270,2022-01-06T16:00:00,2022-01-06:09,34.2,1641459600
137,45,2022-01-06T10:00:00,34.2,300,2022-01-06T17:00:00,2022-01-06:10,32.6,1641463200
138,50,2022-01-06T11:00:00,32.8,330,2022-01-06T18:00:00,2022-01-06:11,31.1,1641466800
139,56,2022-01-06T12:00:00,31.2,360,2022-01-06T19:00:00,2022-01-06:12,29.5,1641470400
140,63,2022-01-06T13:00:00,30.1,325,2022-01-06T20:00:00,2022-01-06:13,28.2,1641474000
141,70,2022-01-06T14:00:00,28.7,285,2022-01-06T21:00:00,2022-01-06:14,26.9,1641477600
142,79,2022-01-06T15:00:00,26.3,250,2022-01-06T22:00:00,2022-01-06:15,25.6,1641481200
143,79,2022-01-06T16:00:00,25.7,215,2022-01-06T23:00:00,2022-01-06:16,25.1,1641484800
144,81,2022-01-06T17:00:00,25.1,175,2022-01-07T00:00:00,2022-01-06:17,24.5,1641488400
145,82,2022-01-06T18:00:00,24.6,140,2022-01-07T01:00:00,2022-01-06:18,24.0,1641492000
146,83,2022-01-06T19:00:00,24.0,125,2022-01-07T02:00:00,2022-01-06:19,23.4,1641495600
147,85,2022-01-06T20:00:00,23.2,115,2022-01-07T03:00:00,2022-01-06:20,22.7,1641499200
148,86,2022-01-06T21:00:00,22.6,100,2022-01-07T04:00:00,2022-01-06:21,22.1,1641502800
149,86,2022-01-06T22:00:00,22.4,90,2022-01-07T05:00:00,2022-01-06:22,21.9,1641506400
150,86,2022-01-06T23:00:00,22.2,85,2022-01-07T06:00:00,2022-01-06:23,21.7,1641510000
151,86,2022-01-07T00:00:00,22.0,75,2022-01-07T07:00:00,2022-01-07:00,21.5,1641513600
152,74,2022-01-07T01:00:00,24.7,65,2022-01-07T08:00:00,2022-01-07:01,24.3,1641517200
153,64,2022-01-07T02:00:00,28.7,60,2022-01-07T09:00:00,2022-01-07:02,27.2,1641520800
154,55,2022-01-07T03:00:00,31.9,50,2022-01-07T10:00:00,2022-01-07:03,30.0,1641524400
155,52,2022-01-07T04:00:00,33.6,50,2022-01-07T11:00:00,2022-01-07:04,31.3,1641528000
156,48,2022-01-07T05:00:00,35.2,50,2022-01-07T12:00:00,2022-01-07:05,32.7,1641531600
157,45,2022-01-07T06:00:00,36.8,50,2022-01-07T13:00:00,2022-01-07:06,34.0,1641535200
158,46,2022-01-07T07:00:00,37.5,50,2022-01-07T14:00:00,2022-01-07:07,34.2,1641538800
159,47,2022-01-07T08:00:00,38.0,50,2022-01-07T15:00:00,2022-01-07:08,34.3,1641542400
160,48,2022-01-07T09:00:00,38.8,50,2022-01-07T16:00:00,2022-01-07:09,34.5,1641546000
161,51,2022-01-07T10:00:00,36.2,145,2022-01-07T17:00:00,2022-01-07:10,32.8,1641549600
162,54,2022-01-07T11:00:00,33.8,245,2022-01-07T18:00:00,2022-01-07:11,31.2,1641553200
163,58,2022-01-07T12:00:00,31.6,340,2022-01-07T19:00:00,2022-01-07:12,29.5,1641556800
164,61,2022-01-07T13:00:00,30.5,340,2022-01-07T20:00:00,2022-01-07:13,28.6,1641560400
165,66,2022-01-07T14:00:00,29.6,340,2022-01-07T21:00:00,2022-01-07:14,27.7,1641564000
166,70,2022-01-07T15:00:00,28.5,340,2022-01-07T22:00:00,2022-01-07:15,26.8,1641567600
167,71,2022-01-07T16:00:00,27.1,245,2022-01-07T23:00:00,2022-01-07:16,26.5,1641571200
168,71,2022-01-07T17:00:00,26.8,145,2022-01-08T00:00:00,2022-01-07:17,26.3,1641574800
169,72,2022-01-07T18:00:00,26.5,50,2022-01-08T01:00:00,2022-01-07:18,26.0,1641578400
170,74,2022-01-07T19:00:00,26.0,50,2022-01-08T02:00:00,2022-01-07:19,25.5,1641582000
171,77,2022-01-07T20:00:00,25.6,50,2022-01-08T03:00:00,2022-01-07:20,25.0,1641585600
172,79,2022-01-07T21:00:00,25.1,50,2022-01-08T04:00:00,2022-01-07:21,24.5,1641589200
173,83,2022-01-07T22:00:00,24.4,50,2022-01-08T05:00:00,2022-01-07:22,23.8,1641592800
174,88,2022-01-07T23:00:00,23.9,50,2022-01-08T06:00:00,2022-01-07:23,23.2,1641596400
175,93,2022-01-08T00:00:00,23.2,50,2022-01-08T07:00:00,2022-01-08:00,22.5,1641600000
176,77,2022-01-08T01:00:00,25.7,50,2022-01-08T08:00:00,2022-01-08:01,25.1,1641603600
177,64,2022-01-08T02:00:00,29.4,50,2022-01-08T09:00:00,2022-01-08:02,27.7,1641607200
178,54,2022-01-08T03:00:00,32.2,50,2022-01-08T10:00:00,2022-01-08:03,30.3,1641610800
179,49,2022-01-08T04:00:00,33.4,35,2022-01-08T11:00:00,2022-01-08:04,31.6,1641614400
180,45,2022-01-08T05:00:00,34.8,25,2022-01-08T12:00:00,2022-01-08:05,32.9,1641618000
181,41,2022-01-08T06:00:00,36.0,10,2022-01-08T13:00:00,2022-01-08:06,34.2,1641621600
182,42,2022-01-08T07:00:00,36.1,15,2022-01-08T14:00:00,2022-01-08:07,34.1,1641625200
183,44,2022-01-08T08:00:00,36.3,15,2022-01-08T15:00:00,2022-01-08:08,33.9,1641628800
184,45,2022-01-08T09:00:00,36.4,20,2022-01-08T16:00:00,2022-01-08:09,33.8,1641632400
185,50,2022-01-08T10:00:00,35.1,55,2022-01-08T17:00:00,2022-01-08:10,32.4,1641636000
186,54,2022-01-08T11:00:00,33.6,90,2022-01-08T18:00:00,2022-01-08:11,31.1,1641639600
187,60,2022-01-08T12:00:00,32.3,125,2022-01-08T19:00:00,2022-01-08:12,29.7,1641643200
188,62,2022-01-08T13:00:00,31.2,160,2022-01-08T20:00:00,2022-01-08:13,28.9,1641646800
189,65,2022-01-08T14:00:00,30.0,200,2022-01-08T21:00:00,2022-01-08:14,28.0,1641650400
190,68,2022-01-08T15:00:00,29.0,235,2022-01-08T22:00:00,2022-01-08:15,27.2,1641654000
191,70,2022-01-08T16:00:00,28.7,270,2022-01-08T23:00:00,2022-01-08:16,26.9,1641657600
192,73,2022-01-08T17:00:00,27.1,305,2022-01-09T00:00:00,2022-01-08:17,26.5,1641661200
193,75,2022-01-08T18:00:00,26.8,340,2022-01-09T01:00:00,2022-01-08:18,26.2,1641664800
194,80,2022-01-08T19:00:00,26.0,345,2022-01-09T02:00:00,2022-01-08:19,25.3,1641668400
195,86,2022-01-08T20:00:00,25.1,345,2022-01-09T03:00:00,2022-01-08:20,24.4,1641672000
196,92,2022-01-08T21:00:00,24.3,350,2022-01-09T04:00:00,2022-01-08:21,23.5,1641675600
197,93,2022-01-08T22:00:00,23.8,355,2022-01-09T05:00:00,2022-01-08:22,23.0,1641679200
198,94,2022-01-08T23:00:00,23.3,355,2022-01-09T06:00:00,2022-01-08:23,22.5,1641682800
199,95,2022-01-09T00:00:00,22.7,360,2022-01-09T07:00:00,2022-01-09:00,22.0,1641686400
200,80,2022-01-09T01:00:00,25.0,320,2022-01-09T08:00:00,2022-01-09:01,24.4,1641690000
201,67,2022-01-09T02:00:00,28.3,280,2022-01-09T09:00:00,2022-01-09:02,26.8,1641693600
202,57,2022-01-09T03:00:00,30.9,240,2022-01-09T10:00:00,2022-01-09:03,29.2,1641697200
203,51,2022-01-09T04:00:00,32.5,200,2022-01-09T11:00:00,2022-01-09:04,30.8,1641700800
204,45,2022-01-09T05:00:00,34.1,160,2022-01-09T12:00:00,2022-01-09:05,32.5,1641704400
205,40,2022-01-09T06:00:00,35.6,120,2022-01-09T13:00:00,2022-01-09:06,34.1,1641708000
206,40,2022-01-09T07:00:00,35.8,95,2022-01-09T14:00:00,2022-01-09:07,34.2,1641711600
207,39,2022-01-09T08:00:00,35.9,65,2022-01-09T15:00:00,2022-01-09:08,34.4,1641715200
208,39,2022-01-09T09:00:00,36.0,40,2022-01-09T16:00:00,2022-01-09:09,34.5,1641718800
209,46,2022-01-09T10:00:00,34.7,50,2022-01-09T17:00:00,2022-01-09:10,32.7,1641722400
210,53,2022-01-09T11:00:00,33.1,65,2022-01-09T18:00:00,2022-01-09:11,30.9,1641726000
211,63,2022-01-09T12:00:00,31.7,75,2022-01-09T19:00:00,2022-01-09:12,29.1,1641729600
212,66,2022-01-09T13:00:00,30.3,90,2022-01-09T20:00:00,2022-01-09:13,28.1,1641733200
213,69,2022-01-09T14:00:00,28.8,100,2022-01-09T21:00:00,2022-01-09:14,27.0,1641736800
214,73,2022-01-09T15:00:00,26.6,115,2022-01-09T22:00:00,2022-01-09:15,26.0,1641740400
215,76,2022-01-09T16:00:00,25.9,125,2022-01-09T23:00:00,2022-01-09:16,25.3,1641744000
216,79,2022-01-09T17:00:00,25.3,140,2022-01-10T00:00:00,2022-01-09:17,24.7,1641747600
217,83,2022-01-09T18:00:00,24.6,150,2022-01-10T01:00:00,2022-01-09:18,24.0,1641751200
218,85,2022-01-09T19:00:00,24.2,150,2022-01-10T02:00:00,2022-01-09:19,23.6,1641754800
219,86,2022-01-09T20:00:00,23.8,150,2022-01-10T03:00:00,2022-01-09:20,23.2,1641758400
220,88,2022-01-09T21:00:00,23.4,150,2022-01-10T04:00:00,2022-01-09:21,22.8,1641762000
221,90,2022-01-09T22:00:00,23.0,150,2022-01-10T05:00:00,2022-01-09:22,22.4,1641765600
222,92,2022-01-09T23:00:00,22.5,150,2022-01-10T06:00:00,2022-01-09:23,21.9,1641769200
223,95,2022-01-10T00:00:00,22.2,150,2022-01-10T07:00:00,2022-01-10:00,21.5,1641772800
224,77,2022-01-10T01:00:00,24.8,150,2022-01-10T08:00:00,2022-01-10:01,24.3,1641776400
225,64,2022-01-10T02:00:00,28.7,150,2022-01-10T09:00:00,2022-01-10:02,27.2,1641780000
226,52,2022-01-10T03:00:00,31.4,150,2022-01-10T10:00:00,2022-01-10:03,30.0,1641783600
227,46,2022-01-10T04:00:00,32.6,115,2022-01-10T11:00:00,2022-01-10:04,31.5,1641787200
228,40,2022-01-10T05:00:00,33.8,85,2022-01-10T12:00:00,2022-01-10:05,33.0,1641790800
229,36,2022-01-10T06:00:00,35.3,50,2022-01-10T13:00:00,2022-01-10:06,34.5,1641794400
230,37,2022-01-10T07:00:00,35.7,50,2022-01-10T14:00:00,2022-01-10:07,34.6,1641798000
231,38,2022-01-10T08:00:00,36.1,50,2022-01-10T15:00:00,2022-01-10:08,34.7,1641801600
232,39,2022-01-10T09:00:00,36.6,50,2022-01-10T16:00:00,2022-01-10:09,34.8,1641805200
233,44,2022-01-10T10:00:00,34.5,65,2022-01-10T17:00:00,2022-01-10:10,32.9,1641808800
234,51,2022-01-10T11:00:00,32.6,75,2022-01-10T18:00:00,2022-01-10:11,30.9,1641812400
235,57,2022-01-10T12:00:00,30.6,90,2022-01-10T19:00:00,2022-01-10:12,29.0,1641816000
236,59,2022-01-10T13:00:00,29.8,85,2022-01-10T20:00:00,2022-01-10:13,28.3,1641819600
237,61,2022-01-10T14:00:00,29.1,75,2022-01-10T21:00:00,2022-01-10:14,27.7,1641823200
238,62,2022-01-10T15:00:00,28.2,70,2022-01-10T22:00:00,2022-01-10:15,27.0,1641826800
239,63,2022-01-10T16:00:00,27.9,65,2022-01-10T23:00:00,2022-01-10:16,26.7,1641830400
240,65,2022-01-10T17:00:00,26.7,55,2022-01-11T00:00:00,2022-01-10:17,26.3,1641834000
241,66,2022-01-10T18:00:00,26.4,50,2022-01-11T01:00:00,2022-01-10:18,26.0,1641837600
242,68,2022-01-10T19:00:00,25.9,50,2022-01-11T02:00:00,2022-01-10:19,25.5,1641841200
243,71,2022-01-10T20:00:00,25.4,50,2022-01-11T03:00:00,2022-01-10:20,25.0,1641844800
244,73,2022-01-10T21:00:00,24.9,50,2022-01-11T04:00:00,2022-01-10:21,24.5,1641848400
245,80,2022-01-10T22:00:00,23.9,55,2022-01-11T05:00:00,2022-01-10:22,23.4,1641852000
246,86,2022-01-10T23:00:00,22.9,55,2022-01-11T06:00:00,2022-01-10:23,22.4,1641855600
247,95,2022-01-11T00:00:00,22.0,60,2022-01-11T07:00:00,2022-01-11:00,21.3,1641859200
248,83,2022-01-11T01:00:00,24.8,65,2022-01-11T08:00:00,2022-01-11:01,24.2,1641862800
249,73,2022-01-11T02:00:00,29.3,65,2022-01-11T09:00:00,2022-01-11:02,27.1,1641866400
250,64,2022-01-11T03:00:00,33.7,70,2022-01-11T10:00:00,2022-01-11:03,30.0,1641870000
251,54,2022-01-11T04:00:00,34.6,85,2022-01-11T11:00:00,2022-01-11:04,31.6,1641873600
252,45,2022-01-11T05:00:00,35.3,105,2022-01-11T12:00:00,2022-01-11:05,33.2,1641877200
253,37,2022-01-11T06:00:00,36.0,120,2022-01-11T13:00:00,2022-01-11:06,34.8,1641880800
254,38,2022-01-11T07:00:00,36.5,105,2022-01-11T14:00:00,2022-01-11:07,34.9,1641884400
255,38,2022-01-11T08:00:00,36.5,85,2022-01-11T15:00:00,2022-01-11:08,34.9,1641888000
256,39,2022-01-11T09:00:00,36.9,70,2022-01-11T16:00:00,2022-01-11:09,35.0,1641891600
257,44,2022-01-11T10:00:00,34.9,70,2022-01-11T17:00:00,2022-01-11:10,33.1,1641895200
258,49,2022-01-11T11:00:00,32.7,70,2022-01-11T18:00:00,2022-01-11:11,31.2,1641898800
259,56,2022-01-11T12:00:00,30.9,70,2022-01-11T19:00:00,2022-01-11:12,29.3,1641902400
260,59,2022-01-11T13:00:00,29.6,75,2022-01-11T20:00:00,2022-01-11:13,28.2,1641906000
261,63,2022-01-11T14:00:00,28.4,75,2022-01-11T21:00:00,2022-01-11:14,27.1,1641909600
262,67,2022-01-11T15:00:00,26.4,75,2022-01-11T22:00:00,2022-01-11:15,26.0,1641913200
263,72,2022-01-11T16:00:00,25.8,75,2022-01-11T23:00:00,2022-01-11:16,25.3,1641916800
264,78,2022-01-11T17:00:00,25.3,75,2022-01-12T00:00:00,2022-01-11:17,24.7,1641920400
265,84,2022-01-11T18:00:00,24.6,75,2022-01-12T01:00:00,2022-01-11:18,24.0,1641924000
266,87,2022-01-11T19:00:00,24.4,75,2022-01-12T02:00:00,2022-01-11:19,23.7,1641927600
267,90,2022-01-11T20:00:00,24.0,75,2022-01-12T03:00:00,2022-01-11:20,23.3,1641931200
268,92,2022-01-11T21:00:00,23.8,80,2022-01-12T04:00:00,2022-01-11:21,23.0,1641934800
269,94,2022-01-11T22:00:00,23.6,80,2022-01-12T05:00:00,2022-01-11:22,22.8,1641938400
270,95,2022-01-11T23:00:00,23.5,80,2022-01-12T06:00:00,2022-01-11:23,22.7,1641942000
271,97,2022-01-12T00:00:00,23.3,80,2022-01-12T07:00:00,2022-01-12:00,22.5,1641945600
272,87,2022-01-12T01:00:00,25.8,85,2022-01-12T08:00:00,2022-01-12:01,25.0,1641949200
273,78,2022-01-12T02:00:00,30.6,85,2022-01-12T09:00:00,2022-01-12:02,27.5,1641952800
274,71,2022-01-12T03:00:00,35.3,90,2022-01-12T10:00:00,2022-01-12:03,30.0,1641956400
275,65,2022-01-12T04:00:00,35.7,95,2022-01-12T11:00:00,2022-01-12:04,30.8,1641960000
276,60,2022-01-12T05:00:00,35.9,95,2022-01-12T12:00:00,2022-01-12:05,31.5,1641963600
277,55,2022-01-12T06:00:00,36.3,100,2022-01-12T13:00:00,2022-01-12:06,32.3,1641967200
278,51,2022-01-12T07:00:00,36.4,95,2022-01-12T14:00:00,2022-01-12:07,32.9,1641970800
279,47,2022-01-12T08:00:00,36.2,85,2022-01-12T15:00:00,2022-01-12:08,33.4,1641974400
280,43,2022-01-12T09:00:00,36.2,80,2022-01-12T16:00:00,2022-01-12:09,34.0,1641978000
281,49,2022-01-12T10:00:00,34.7,105,2022-01-12T17:00:00,2022-01-12:10,32.3,1641981600
282,55,2022-01-12T11:00:00,33.1,125,2022-01-12T18:00:00,2022-01-12:11,30.7,1641985200
283,63,2022-01-12T12:00:00,31.5,150,2022-01-12T19:00:00,2022-01-12:12,29.0,1641988800
284,69,2022-01-12T13:00:00,30.2,175,2022-01-12T20:00:00,2022-01-12:13,27.8,1641992400
285,74,2022-01-12T14:00:00,28.6,195,2022-01-12T21:00:00,2022-01-12:14,26.7,1641996000
286,81,2022-01-12T15:00:00,26.2,220,2022-01-12T22:00:00,2022-01-12:15,25.5,1641999600
287,79,2022-01-12T16:00:00,25.8,245,2022-01-12T23:00:00,2022-01-12:16,25.2,1642003200
288,78,2022-01-12T17:00:00,25.6,265,2022-01-13T00:00:00,2022-01-12:17,25.0,1642006800
289,77,2022-01-12T18:00:00,25.2,290,2022-01-13T01:00:00,2022-01-12:18,24.7,1642010400
290,80,2022-01-12T19:00:00,24.7,315,2022-01-13T02:00:00,2022-01-12:19,24.1,1642014000
291,83,2022-01-12T20:00:00,24.2,335,2022-01-13T03:00:00,2022-01-12:20,23.6,1642017600
292,86,2022-01-12T21:00:00,23.6,360,2022-01-13T04:00:00,2022-01-12:21,23.0,1642021200
293,86,2022-01-12T22:00:00,23.4,255,2022-01-13T05:00:00,2022-01-12:22,22.8,1642024800
294,86,2022-01-12T23:00:00,23.3,155,2022-01-13T06:00:00,2022-01-12:23,22.7,1642028400
295,86,2022-01-13T00:00:00,23.1,50,2022-01-13T07:00:00,2022-01-13:00,22.5,1642032000
296,78,2022-01-13T01:00:00,25.7,50,2022-01-13T08:00:00,2022-01-13:01,25.1,1642035600
297,70,2022-01-13T02:00:00,29.9,50,2022-01-13T09:00:00,2022-01-13:02,27.6,1642039200
298,63,2022-01-13T03:00:00,33.9,50,2022-01-13T10:00:00,2022-01-13:03,30.2,1642042800
299,54,2022-01-13T04:00:00,34.4,65,2022-01-13T11:00:00,2022-01-13:04,31.5,1642046400
300,47,2022-01-13T05:00:00,34.9,85,2022-01-13T12:00:00,2022-01-13:05,32.7,1642050000
301,40,2022-01-13T06:00:00,35.4,100,2022-01-13T13:00:00,2022-01-13:06,34.0,1642053600
302,40,2022-01-13T07:00:00,36.0,115,2022-01-13T14:00:00,2022-01-13:07,34.3,1642057200
303,41,2022-01-13T08:00:00,36.6,135,2022-01-13T15:00:00,2022-01-13:08,34.5,1642060800
304,41,2022-01-13T09:00:00,37.1,150,2022-01-13T16:00:00,2022-01-13:09,34.8,1642064400
305,46,2022-01-13T10:00:00,35.2,110,2022-01-13T17:00:00,2022-01-13:10,33.0,1642068000
306,51,2022-01-13T11:00:00,33.3,70,2022-01-13T18:00:00,2022-01-13:11,31.3,1642071600
307,58,2022-01-13T12:00:00,31.6,30,2022-01-13T19:00:00,2022-01-13:12,29.5,1642075200
308,63,2022-01-13T13:00:00,31.5,35,2022-01-13T20:00:00,2022-01-13:13,29.0,1642078800
309,68,2022-01-13T14:00:00,31.4,45,2022-01-13T21:00:00,2022-01-13:14,28.5,1642082400
310,74,2022-01-13T15:00:00,31.2,50,2022-01-13T22:00:00,2022-01-13:15,28.0,1642086000
311,76,2022-01-13T16:00:00,30.4,50,2022-01-13T23:00:00,2022-01-13:16,27.5,1642089600
312,79,2022-01-13T17:00:00,29.6,50,2022-01-14T00:00:00,2022-01-13:17,27.0,1642093200
313,81,2022-01-13T18:00:00,27.3,50,2022-01-14T01:00:00,2022-01-13:18,26.5,1642096800
314,83,2022-01-13T19:00:00,26.8,50,2022-01-14T02:00:00,2022-01-13:19,26.0,1642100400
315,85,2022-01-13T20:00:00,26.3,50,2022-01-14T03:00:00,2022-01-13:20,25.5,1642104000
316,87,2022-01-13T21:00:00,25.8,50,2022-01-14T04:00:00,2022-01-13:21,25.0,1642107600
317,91,2022-01-13T22:00:00,25.2,60,2022-01-14T05:00:00,2022-01-13:22,24.3,1642111200
318,94,2022-01-13T23:00:00,24.6,75,2022-01-14T06:00:00,2022-01-13:23,23.7,1642114800
319,98,2022-01-14T00:00:00,23.9,85,2022-01-14T07:00:00,2022-01-14:00,23.0,1642118400
320,87,2022-01-14T01:00:00,26.2,95,2022-01-14T08:00:00,2022-01-14:01,25.3,1642122000
321,79,2022-01-14T02:00:00,30.8,110,2022-01-14T09:00:00,2022-01-14:02,27.5,1642125600
322,71,2022-01-14T03:00:00,34.8,120,2022-01-14T10:00:00,2022-01-14:03,29.8,1642129200
323,62,2022-01-14T04:00:00,35.1,125,2022-01-14T11:00:00,2022-01-14:04,30.9,1642132800
324,54,2022-01-14T05:00:00,35.2,125,2022-01-14T12:00:00,2022-01-14:05,31.9,1642136400
325,47,2022-01-14T06:00:00,35.5,130,2022-01-14T13:00:00,2022-01-14:06,33.0,1642140000
326,47,2022-01-14T07:00:00,35.5,120,2022-01-14T14:00:00,2022-01-14:07,33.0,1642143600
327,46,2022-01-14T08:00:00,35.2,110,2022-01-14T15:00:00,2022-01-14:08,33.0,1642147200
328,46,2022-01-14T09:00:00,35.2,100,2022-01-14T16:00:00,2022-01-14:09,33.0,1642150800
329,50,2022-01-14T10:00:00,33.6,115,2022-01-14T17:00:00,2022-01-14:10,31.6,1642154400
330,56,2022-01-14T11:00:00,32.4,135,2022-01-14T18:00:00,2022-01-14:11,30.2,1642158000
331,62,2022-01-14T12:00:00,31.0,150,2022-01-14T19:00:00,2022-01-14:12,28.8,1642161600
332,65,2022-01-14T13:00:00,29.9,170,2022-01-14T20:00:00,2022-01-14:13,27.9,1642165200
333,70,2022-01-14T14:00:00,28.7,185,2022-01-14T21:00:00,2022-01-14:14,26.9,1642168800
334,74,2022-01-14T15:00:00,26.6,205,2022-01-14T22:00:00,2022-01-14:15,26.0,1642172400
335,77,2022-01-14T16:00:00,26.0,220,2022-01-14T23:00:00,2022-01-14:16,25.4,1642176000
336,80,2022-01-14T17:00:00,25.3,240,2022-01-15T00:00:00,2022-01-14:17,24.7,1642179600
337,83,2022-01-14T18:00:00,24.7,255,2022-01-15T01:00:00,2022-01-14:18,24.1,1642183200
338,87,2022-01-14T19:00:00,24.4,275,2022-01-15T02:00:00,2022-01-14:19,23.7,1642186800
339,91,2022-01-14T20:00:00,24.2,290,2022-01-15T03:00:00,2022-01-14:20,23.4,1642190400
340,95,2022-01-14T21:00:00,23.8,310,2022-01-15T04:00:00,2022-01-14:21,23.0,1642194000
341,94,2022-01-14T22:00:00,23.3,325,2022-01-15T05:00:00,2022-01-14:22,22.5,1642197600
342,94,2022-01-14T23:00:00,22.7,345,2022-01-15T06:00:00,2022-01-14:23,22.0,1642201200
343,93,2022-01-15T00:00:00,22.1,360,2022-01-15T07:00:00,2022-01-15:00,21.5,1642204800
344,79,2022-01-15T01:00:00,24.7,255,2022-01-15T08:00:00,2022-01-15:01,24.2,1642208400
345,68,2022-01-15T02:00:00,28.4,155,2022-01-15T09:00:00,2022-01-15:02,26.8,1642212000
346,58,2022-01-15T03:00:00,31.6,50,2022-01-15T10:00:00,2022-01-15:03,29.5,1642215600
347,52,2022-01-15T04:00:00,32.5,80,2022-01-15T11:00:00,2022-01-15:04,30.7,1642219200
348,47,2022-01-15T05:00:00,33.7,110,2022-01-15T12:00:00,2022-01-15:05,32.0,1642222800
349,43,2022-01-15T06:00:00,34.8,140,2022-01-15T13:00:00,2022-01-15:06,33.2,1642226400
350,42,2022-01-15T07:00:00,35.1,125,2022-01-15T14:00:00,2022-01-15:07,33.5,1642230000
351,42,2022-01-15T08:00:00,35.4,105,2022-01-15T15:00:00,2022-01-15:08,33.7,1642233600
352,41,2022-01-15T09:00:00,35.7,90,2022-01-15T16:00:00,2022-01-15:09,34.0,1642237200
353,46,2022-01-15T10:00:00,33.8,180,2022-01-15T17:00:00,2022-01-15:10,32.2,1642240800
354,53,2022-01-15T11:00:00,32.0,270,2022-01-15T18:00:00,2022-01-15:11,30.3,1642244400
355,60,2022-01-15T12:00:00,30.2,360,2022-01-15T19:00:00,2022-01-15:12,28.5,1642248000
356,64,2022-01-15T13:00:00,29.4,315,2022-01-15T20:00:00,2022-01-15:13,27.7,1642251600
357,67,2022-01-15T14:00:00,28.6,275,2022-01-15T21:00:00,2022-01-15:14,27.0,1642255200
358,71,2022-01-15T15:00:00,26.7,230,2022-01-15T22:00:00,2022-01-15:15,26.2,1642258800
359,75,2022-01-15T16:00:00,26.1,205,2022-01-15T23:00:00,2022-01-15:16,25.5,1642262400
360,81,2022-01-15T17:00:00,25.3,185,2022-01-16T00:00:00,2022-01-15:17,24.7,1642266000
361,86,2022-01-15T18:00:00,24.7,160,2022-01-16T01:00:00,2022-01-15:18,24.0,1642269600
362,89,2022-01-15T19:00:00,24.3,135,2022-01-16T02:00:00,2022-01-15:19,23.6,1642273200
363,92,2022-01-15T20:00:00,24.0,115,2022-01-16T03:00:00,2022-01-15:20,23.2,1642276800
364,96,2022-01-15T21:00:00,23.6,90,2022-01-16T04:00:00,2022-01-15:21,22.8,1642280400
365,95,2022-01-15T22:00:00,23.5,115,2022-01-16T05:00:00,2022-01-15:22,22.7,1642284000
366,95,2022-01-15T23:00:00,23.4,140,2022-01-16T06:00:00,2022-01-15:23,22.6,1642287600
367,95,2022-01-16T00:00:00,23.3,165,2022-01-16T07:00:00,2022-01-16:00,22.5,1642291200
368,84,2022-01-16T01:00:00,25.4,190,2022-01-16T08:00:00,2022-01-16:01,24.7,1642294800
369,76,2022-01-16T02:00:00,29.0,215,2022-01-16T09:00:00,2022-01-16:02,26.8,1642298400
370,68,2022-01-16T03:00:00,32.4,240,2022-01-16T10:00:00,2022-01-16:03,29.0,1642302000
371,59,2022-01-16T04:00:00,33.4,210,2022-01-16T11:00:00,2022-01-16:04,30.4,1642305600
372,50,2022-01-16T05:00:00,34.2,180,2022-01-16T12:00:00,2022-01-16:05,31.9,1642309200
373,43,2022-01-16T06:00:00,35.0,150,2022-01-16T13:00:00,2022-01-16:06,33.3,1642312800
374,43,2022-01-16T07:00:00,35.3,180,2022-01-16T14:00:00,2022-01-16:07,33.5,1642316400
375,44,2022-01-16T08:00:00,36.1,210,2022-01-16T15:00:00,2022-01-16:08,33.8,1642320000
376,44,2022-01-16T09:00:00,36.5,240,2022-01-16T16:00:00,2022-01-16:09,34.0,1642323600
377,48,2022-01-16T10:00:00,34.8,230,2022-01-16T17:00:00,2022-01-16:10,32.5,1642327200
378,52,2022-01-16T11:00:00,33.0,220,2022-01-16T18:00:00,2022-01-16:11,31.0,1642330800
379,58,2022-01-16T12:00:00,31.6,210,2022-01-16T19:00:00,2022-01-16:12,29.5,1642334400
380,66,2022-01-16T13:00:00,29.3,200,2022-01-16T20:00:00,2022-01-16:13,27.5,1642338000
381,75,2022-01-16T14:00:00,26.1,190,2022-01-16T21:00:00,2022-01-16:14,25.5,1642341600
382,86,2022-01-16T15:00:00,24.2,180,2022-01-16T22:00:00,2022-01-16:15,23.5,1642345200
383,85,2022-01-16T16:00:00,24.5,170,2022-01-16T23:00:00,2022-01-16:16,23.8,1642348800
384,84,2022-01-16T17:00:00,24.9,160,2022-01-17T00:00:00,2022-01-16:17,24.2,1642352400
385,83,2022-01-16T18:00:00,25.2,150,2022-01-17T01:00:00,2022-01-16:18,24.5,1642356000
386,84,2022-01-16T19:00:00,24.9,150,2022-01-17T02:00:00,2022-01-16:19,24.2,1642359600
387,85,2022-01-16T20:00:00,24.5,150,2022-01-17T03:00:00,2022-01-16:20,23.8,1642363200
388,86,2022-01-16T21:00:00,24.2,150,2022-01-17T04:00:00,2022-01-16:21,23.5,1642366800
389,89,2022-01-16T22:00:00,23.8,145,2022-01-17T05:00:00,2022-01-16:22,23.1,1642370400
390,93,2022-01-16T23:00:00,23.3,145,2022-01-17T06:00:00,2022-01-16:23,22.6,1642374000
391,96,2022-01-17T00:00:00,23.0,140,2022-01-17T07:00:00,2022-01-17:00,22.2,1642377600
392,84,2022-01-17T01:00:00,25.2,135,2022-01-17T08:00:00,2022-01-17:01,24.5,1642381200
393,73,2022-01-17T02:00:00,28.9,135,2022-01-17T09:00:00,2022-01-17:02,26.9,1642384800
394,64,2022-01-17T03:00:00,32.1,130,2022-01-17T10:00:00,2022-01-17:03,29.2,1642388400
395,56,2022-01-17T04:00:00,33.1,130,2022-01-17T11:00:00,2022-01-17:04,30.6,1642392000
396,49,2022-01-17T05:00:00,34.3,130,2022-01-17T12:00:00,2022-01-17:05,32.1,1642395600
397,43,2022-01-17T06:00:00,35.3,130,2022-01-17T13:00:00,2022-01-17:06,33.5,1642399200
398,43,2022-01-17T07:00:00,35.9,105,2022-01-17T14:00:00,2022-01-17:07,33.8,1642402800
399,42,2022-01-17T08:00:00,36.3,75,2022-01-17T15:00:00,2022-01-17:08,34.2,1642406400
400,42,2022-01-17T09:00:00,36.9,50,2022-01-17T16:00:00,2022-01-17:09,34.5,1642410000
401,48,2022-01-17T10:00:00,35.5,70,2022-01-17T17:00:00,2022-01-17:10,32.9,1642413600
402,55,2022-01-17T11:00:00,34.2,90,2022-01-17T18:00:00,2022-01-17:11,31.3,1642417200
403,63,2022-01-17T12:00:00,32.8,110,2022-01-17T19:00:00,2022-01-17:12,29.7,1642420800
404,68,2022-01-17T13:00:00,31.6,135,2022-01-17T20:00:00,2022-01-17:13,28.6,1642424400
405,72,2022-01-17T14:00:00,30.1,155,2022-01-17T21:00:00,2022-01-17:14,27.6,1642428000
406,78,2022-01-17T15:00:00,27.2,175,2022-01-17T22:00:00,2022-01-17:15,26.5,1642431600
407,80,2022-01-17T16:00:00,26.5,195,2022-01-17T23:00:00,2022-01-17:16,25.8,1642435200
408,81,2022-01-17T17:00:00,25.9,215,2022-01-18T00:00:00,2022-01-17:17,25.2,1642438800
409,83,2022-01-17T18:00:00,25.2,235,2022-01-18T01:00:00,2022-01-17:18,24.5,1642442400
410,84,2022-01-17T19:00:00,24.6,255,2022-01-18T02:00:00,2022-01-17:19,24.0,1642446000
411,85,2022-01-17T20:00:00,24.1,275,2022-01-18T03:00:00,2022-01-17:20,23.5,1642449600
412,86,2022-01-17T21:00:00,23.6,300,2022-01-18T04:00:00,2022-01-17:21,23.0,1642453200
413,87,2022-01-17T22:00:00,23.3,320,2022-01-18T05:00:00,2022-01-17:22,22.7,1642456800
414,90,2022-01-17T23:00:00,22.9,340,2022-01-18T06:00:00,2022-01-17:23,22.3,1642460400
415,91,2022-01-18T00:00:00,22.6,360,2022-01-18T07:00:00,2022-01-18:00,22.0,1642464000
416,75,2022-01-18T01:00:00,25.2,310,2022-01-18T08:00:00,2022-01-18:01,24.7,1642467600
417,62,2022-01-18T02:00:00,28.8,265,2022-01-18T09:00:00,2022-01-18:02,27.4,1642471200
418,52,2022-01-18T03:00:00,31.5,215,2022-01-18T10:00:00,2022-01-18:03,30.1,1642474800
419,48,2022-01-18T04:00:00,32.9,165,2022-01-18T11:00:00,2022-01-18:04,31.4,1642478400
420,45,2022-01-18T05:00:00,34.4,120,2022-01-18T12:00:00,2022-01-18:05,32.7,1642482000
421,43,2022-01-18T06:00:00,36.2,70,2022-01-18T13:00:00,2022-01-18:06,34.0,1642485600
422,41,2022-01-18T07:00:00,35.9,85,2022-01-18T14:00:00,2022-01-18:07,34.1,1642489200
423,41,2022-01-18T08:00:00,35.9,95,2022-01-18T15:00:00,2022-01-18:08,34.1,1642492800
424,39,2022-01-18T09:00:00,35.5,110,2022-01-18T16:00:00,2022-01-18:09,34.2,1642496400
425,44,2022-01-18T10:00:00,34.0,110,2022-01-18T17:00:00,2022-01-18:10,32.6,1642500000
426,50,2022-01-18T11:00:00,32.6,115,2022-01-18T18:00:00,2022-01-18:11,31.0,1642503600
427,57,2022-01-18T12:00:00,31.2,115,2022-01-18T19:00:00,2022-01-18:12,29.4,1642507200
428,60,2022-01-18T13:00:00,30.5,120,2022-01-18T20:00:00,2022-01-18:13,28.7,1642510800
429,64,2022-01-18T14:00:00,29.9,120,2022-01-18T21:00:00,2022-01-18:14,28.0,1642514400
430,67,2022-01-18T15:00:00,29.1,125,2022-01-18T22:00:00,2022-01-18:15,27.3,1642518000
431,70,2022-01-18T16:00:00,27.1,125,2022-01-18T23:00:00,2022-01-18:16,26.6,1642521600
432,73,2022-01-18T17:00:00,26.5,130,2022-01-19T00:00:00,2022-01-18:17,25.9,1642525200
433,76,2022-01-18T18:00:00,25.8,130,2022-01-19T01:00:00,2022-01-18:18,25.2,1642528800
434,80,2022-01-18T19:00:00,25.1,130,2022-01-19T02:00:00,2022-01-18:19,24.5,1642532400
435,84,2022-01-18T20:00:00,24.3,135,2022-01-19T03:00:00,2022-01-18:20,23.7,1642536000
436,88,2022-01-18T21:00:00,23.7,135,2022-01-19T04:00:00,2022-01-18:21,23.0,1642539600
437,89,2022-01-18T22:00:00,23.3,140,2022-01-19T05:00:00,2022-01-18:22,22.7,1642543200
438,90,2022-01-18T23:00:00,22.9,140,2022-01-19T06:00:00,2022-01-18:23,22.3,1642546800
439,91,2022-01-19T00:00:00,22.6,145,2022-01-19T07:00:00,2022-01-19:00,22.0,1642550400
440,79,2022-01-19T01:00:00,24.7,145,2022-01-19T08:00:00,2022-01-19:01,24.2,1642554000
441,69,2022-01-19T02:00:00,26.8,150,2022-01-19T09:00:00,2022-01-19:02,26.3,1642557600
442,60,2022-01-19T03:00:00,30.2,150,2022-01-19T10:00:00,2022-01-19:03,28.5,1642561200
443,57,2022-01-19T04:00:00,31.7,150,2022-01-19T11:00:00,2022-01-19:04,29.7,1642564800
444,54,2022-01-19T05:00:00,33.1,150,2022-01-19T12:00:00,2022-01-19:05,30.8,1642568400
445,51,2022-01-19T06:00:00,34.6,150,2022-01-19T13:00:00,2022-01-19:06,32.0,1642572000
446,50,2022-01-19T07:00:00,34.9,150,2022-01-19T14:00:00,2022-01-19:07,32.3,1642575600
447,48,2022-01-19T08:00:00,35.2,150,2022-01-19T15:00:00,2022-01-19:08,32.7,1642579200
448,47,2022-01-19T09:00:00,35.5,150,2022-01-19T16:00:00,2022-01-19:09,33.0,1642582800
449,51,2022-01-19T10:00:00,34.1,150,2022-01-19T17:00:00,2022-01-19:10,31.7,1642586400
450,56,2022-01-19T11:00:00,32.6,150,2022-01-19T18:00:00,2022-01-19:11,30.3,1642590000
451,60,2022-01-19T12:00:00,31.0,150,2022-01-19T19:00:00,2022-01-19:12,29.0,1642593600
452,66,2022-01-19T13:00:00,29.8,150,2022-01-19T20:00:00,2022-01-19:13,27.8,1642597200
453,72,2022-01-19T14:00:00,28.5,150,2022-01-19T21:00:00,2022-01-19:14,26.7,1642600800
454,79,2022-01-19T15:00:00,26.2,150,2022-01-19T22:00:00,2022-01-19:15,25.5,1642604400
455,81,2022-01-19T16:00:00,25.7,150,2022-01-19T23:00:00,2022-01-19:16,25.0,1642608000
456,84,2022-01-19T17:00:00,25.2,150,2022-01-20T00:00:00,2022-01-19:17,24.5,1642611600
457,86,2022-01-19T18:00:00,24.7,150,2022-01-20T01:00:00,2022-01-19:18,24.0,1642615200
458,88,2022-01-19T19:00:00,24.4,150,2022-01-20T02:00:00,2022-01-19:19,23.7,1642618800
459,90,2022-01-19T20:00:00,24.0,150,2022-01-20T03:00:00,2022-01-19:20,23.3,1642622400
460,91,2022-01-19T21:00:00,23.7,150,2022-01-20T04:00:00,2022-01-19:21,23.0,1642626000
461,91,2022-01-19T22:00:00,23.1,145,2022-01-20T05:00:00,2022-01-19:22,22.4,1642629600
462,91,2022-01-19T23:00:00,22.5,135,2022-01-20T06:00:00,2022-01-19:23,21.9,1642633200
463,92,2022-01-20T00:00:00,21.9,130,2022-01-20T07:00:00,2022-01-20:00,21.3,1642636800
464,78,2022-01-20T01:00:00,24.6,125,2022-01-20T08:00:00,2022-01-20:01,24.1,1642640400
465,66,2022-01-20T02:00:00,28.4,115,2022-01-20T09:00:00,2022-01-20:02,26.9,1642644000
466,57,2022-01-20T03:00:00,31.7,110,2022-01-20T10:00:00,2022-01-20:03,29.7,1642647600
467,54,2022-01-20T04:00:00,32.9,100,2022-01-20T11:00:00,2022-01-20:04,30.7,1642651200
468,51,2022-01-20T05:00:00,34.2,90,2022-01-20T12:00:00,2022-01-20:05,31.8,1642654800
469,49,2022-01-20T06:00:00,35.6,80,2022-01-20T13:00:00,2022-01-20:06,32.8,1642658400
470,48,2022-01-20T07:00:00,35.2,70,2022-01-20T14:00:00,2022-01-20:07,32.7,1642662000
471,48,2022-01-20T08:00:00,35.0,60,2022-01-20T15:00:00,2022-01-20:08,32.6,1642665600
472,47,2022-01-20T09:00:00,34.5,50,2022-01-20T16:00:00,2022-01-20:09,32.5,1642669200
473,53,2022-01-20T10:00:00,34.0,60,2022-01-20T17:00:00,2022-01-20:10,31.4,1642672800
474,59,2022-01-20T11:00:00,33.4,65,2022-01-20T18:00:00,2022-01-20:11,30.4,1642676400
475,65,2022-01-20T12:00:00,32.4,75,2022-01-20T19:00:00,2022-01-20:12,29.3,1642680000
476,66,2022-01-20T13:00:00,32.0,85,2022-01-20T20:00:00,2022-01-20:13,29.0,1642683600
477,67,2022-01-20T14:00:00,31.8,90,2022-01-20T21:00:00,2022-01-20:14,28.8,1642687200
478,68,2022-01-20T15:00:00,31.4,100,2022-01-20T22:00:00,2022-01-20:15,28.5,1642690800
479,71,2022-01-20T16:00:00,31.2,110,2022-01-20T23:00:00,2022-01-20:16,28.2,1642694400
480,75,2022-01-20T17:00:00,30.9,115,2022-01-21T00:00:00,2022-01-20:17,27.8,1642698000
481,78,2022-01-20T18:00:00,30.6,125,2022-01-21T01:00:00,2022-01-20:18,27.5,1642701600
482,80,2022-01-20T19:00:00,30.0,135,2022-01-21T02:00:00,2022-01-20:19,27.1,1642705200
483,83,2022-01-20T20:00:00,27.5,140,2022-01-21T03:00:00,2022-01-20:20,26.6,1642708800
484,86,2022-01-20T21:00:00,27.1,150,2022-01-21T04:00:00,2022-01-20:21,26.2,1642712400
485,85,2022-01-20T22:00:00,26.7,135,2022-01-21T05:00:00,2022-01-20:22,25.8,1642716000
486,85,2022-01-20T23:00:00,26.2,120,2022-01-21T06:00:00,2022-01-20:23,25.4,1642719600
487,84,2022-01-21T00:00:00,25.7,105,2022-01-21T07:00:00,2022-01-21:00,25.0,1642723200
488,82,2022-01-21T01:00:00,26.9,90,2022-01-21T08:00:00,2022-01-21:01,26.1,1642726800
489,78,2022-01-21T02:00:00,30.2,75,2022-01-21T09:00:00,2022-01-21:02,27.3,1642730400
490,76,2022-01-21T03:00:00,32.4,60,2022-01-21T10:00:00,2022-01-21:03,28.4,1642734000
491,76,2022-01-21T04:00:00,32.9,55,2022-01-21T11:00:00,2022-01-21:04,28.6,1642737600
492,75,2022-01-21T05:00:00,33.2,55,2022-01-21T12:00:00,2022-01-21:05,28.8,1642741200
493,75,2022-01-21T06:00:00,33.7,50,2022-01-21T13:00:00,2022-01-21:06,29.0,1642744800
494,70,2022-01-21T07:00:00,34.3,85,2022-01-21T14:00:00,2022-01-21:07,29.7,1642748400
495,65,2022-01-21T08:00:00,34.5,125,2022-01-21T15:00:00,2022-01-21:08,30.3,1642752000
496,60,2022-01-21T09:00:00,34.8,160,2022-01-21T16:00:00,2022-01-21:09,31.0,1642755600
497,66,2022-01-21T10:00:00,33.7,160,2022-01-21T17:00:00,2022-01-21:10,29.8,1642759200
498,72,2022-01-21T11:00:00,32.4,160,2022-01-21T18:00:00,2022-01-21:11,28.7,1642762800
499,79,2022-01-21T12:00:00,30.8,160,2022-01-21T19:00:00,2022-01-21:12,27.5,1642766400
500,82,2022-01-21T13:00:00,29.2,160,2022-01-21T20:00:00,2022-01-21:13,26.7,1642770000
501,85,2022-01-21T14:00:00,26.7,155,2022-01-21T21:00:00,2022-01-21:14,25.8,1642773600
502,87,2022-01-21T15:00:00,25.8,155,2022-01-21T22:00:00,2022-01-21:15,25.0,1642777200
503,90,2022-01-21T16:00:00,25.6,155,2022-01-21T23:00:00,2022-01-21:16,24.7,1642780800
504,91,2022-01-21T17:00:00,25.4,155,2022-01-22T00:00:00,2022-01-21:17,24.5,1642784400
505,94,2022-01-21T18:00:00,25.1,155,2022-01-22T01:00:00,2022-01-21:18,24.2,1642788000
506,95,2022-01-21T19:00:00,24.9,155,2022-01-22T02:00:00,2022-01-21:19,24.0,1642791600
507,96,2022-01-21T20:00:00,24.6,155,2022-01-22T03:00:00,2022-01-21:20,23.7,1642795200
508,97,2022-01-21T21:00:00,24.4,155,2022-01-22T04:00:00,2022-01-21:21,23.5,1642798800
509,96,2022-01-21T22:00:00,24.4,155,2022-01-22T05:00:00,2022-01-21:22,23.5,1642802400
510,96,2022-01-21T23:00:00,24.4,150,2022-01-22T06:00:00,2022-01-21:23,23.5,1642806000
511,95,2022-01-22T00:00:00,24.4,150,2022-01-22T07:00:00,2022-01-22:00,23.5,1642809600
512,86,2022-01-22T01:00:00,26.2,150,2022-01-22T08:00:00,2022-01-22:01,25.4,1642813200
513,77,2022-01-22T02:00:00,29.9,150,2022-01-22T09:00:00,2022-01-22:02,27.2,1642816800
514,70,2022-01-22T03:00:00,32.9,150,2022-01-22T10:00:00,2022-01-22:03,29.1,1642820400
515,72,2022-01-22T04:00:00,32.4,150,2022-01-22T11:00:00,2022-01-22:04,28.7,1642824000
516,74,2022-01-22T05:00:00,32.1,150,2022-01-22T12:00:00,2022-01-22:05,28.4,1642827600
517,77,2022-01-22T06:00:00,31.6,150,2022-01-22T13:00:00,2022-01-22:06,28.0,1642831200
518,70,2022-01-22T07:00:00,32.7,160,2022-01-22T14:00:00,2022-01-22:07,29.0,1642834800
519,64,2022-01-22T08:00:00,33.7,170,2022-01-22T15:00:00,2022-01-22:08,30.0,1642838400
520,59,2022-01-22T09:00:00,34.6,180,2022-01-22T16:00:00,2022-01-22:09,31.0,1642842000
521,65,2022-01-22T10:00:00,33.2,170,2022-01-22T17:00:00,2022-01-22:10,29.7,1642845600
522,72,2022-01-22T11:00:00,31.6,160,2022-01-22T18:00:00,2022-01-22:11,28.3,1642849200
523,80,2022-01-22T12:00:00,29.7,150,2022-01-22T19:00:00,2022-01-22:12,27.0,1642852800
524,80,2022-01-22T13:00:00,29.3,220,2022-01-22T20:00:00,2022-01-22:13,26.8,1642856400
525,80,2022-01-22T14:00:00,29.1,290,2022-01-22T21:00:00,2022-01-22:14,26.7,1642860000
526,80,2022-01-22T15:00:00,27.3,360,2022-01-22T22:00:00,2022-01-22:15,26.5,1642863600
527,84,2022-01-22T16:00:00,26.8,290,2022-01-22T23:00:00,2022-01-22:16,26.0,1642867200
528,88,2022-01-22T17:00:00,26.4,220,2022-01-23T00:00:00,2022-01-22:17,25.5,1642870800
529,93,2022-01-22T18:00:00,26.0,150,2022-01-23T01:00:00,2022-01-22:18,25.0,1642874400
530,93,2022-01-22T19:00:00,25.7,150,2022-01-23T02:00:00,2022-01-22:19,24.7,1642878000
531,95,2022-01-22T20:00:00,25.3,150,2022-01-23T03:00:00,2022-01-22:20,24.3,1642881600
532,95,2022-01-22T21:00:00,24.9,150,2022-01-23T04:00:00,2022-01-22:21,24.0,1642885200
533,96,2022-01-22T22:00:00,24.5,165,2022-01-23T05:00:00,2022-01-22:22,23.6,1642888800
534,97,2022-01-22T23:00:00,24.1,180,2022-01-23T06:00:00,2022-01-22:23,23.2,1642892400
535,98,2022-01-23T00:00:00,23.7,195,2022-01-23T07:00:00,2022-01-23:00,22.8,1642896000
536,89,2022-01-23T01:00:00,25.7,210,2022-01-23T08:00:00,2022-01-23:01,24.8,1642899600
537,82,2022-01-23T02:00:00,29.5,225,2022-01-23T09:00:00,2022-01-23:02,26.8,1642903200
538,75,2022-01-23T03:00:00,33.2,240,2022-01-23T10:00:00,2022-01-23:03,28.8,1642906800
539,68,2022-01-23T04:00:00,33.4,175,2022-01-23T11:00:00,2022-01-23:04,29.5,1642910400
540,61,2022-01-23T05:00:00,33.2,105,2022-01-23T12:00:00,2022-01-23:05,30.1,1642914000
541,55,2022-01-23T06:00:00,33.3,40,2022-01-23T13:00:00,2022-01-23:06,30.8,1642917600
542,49,2022-01-23T07:00:00,33.3,35,2022-01-23T14:00:00,2022-01-23:07,31.5,1642921200
543,44,2022-01-23T08:00:00,33.5,25,2022-01-23T15:00:00,2022-01-23:08,32.3,1642924800
544,39,2022-01-23T09:00:00,33.6,20,2022-01-23T16:00:00,2022-01-23:09,33.0,1642928400
545,45,2022-01-23T10:00:00,32.5,35,2022-01-23T17:00:00,2022-01-23:10,31.5,1642932000
546,52,2022-01-23T11:00:00,31.4,50,2022-01-23T18:00:00,2022-01-23:11,30.0,1642935600
547,60,2022-01-23T12:00:00,30.2,65,2022-01-23T19:00:00,2022-01-23:12,28.5,1642939200
548,66,2022-01-23T13:00:00,29.0,80,2022-01-23T20:00:00,2022-01-23:13,27.3,1642942800
549,74,2022-01-23T14:00:00,26.6,95,2022-01-23T21:00:00,2022-01-23:14,26.0,1642946400
550,82,2022-01-23T15:00:00,25.5,110,2022-01-23T22:00:00,2022-01-23:15,24.8,1642950000
551,82,2022-01-23T16:00:00,25.6,125,2022-01-23T23:00:00,2022-01-23:16,24.9,1642953600
552,83,2022-01-23T17:00:00,25.6,140,2022-01-24T00:00:00,2022-01-23:17,24.9,1642957200
553,83,2022-01-23T18:00:00,25.7,155,2022-01-24T01:00:00,2022-01-23:18,25.0,1642960800
554,86,2022-01-23T19:00:00,25.1,170,2022-01-24T02:00:00,2022-01-23:19,24.4,1642964400
555,90,2022-01-23T20:00:00,24.6,190,2022-01-24T03:00:00,2022-01-23:20,23.8,1642968000
556,93,2022-01-23T21:00:00,24.0,205,2022-01-24T04:00:00,2022-01-23:21,23.2,1642971600
557,95,2022-01-23T22:00:00,23.7,220,2022-01-24T05:00:00,2022-01-23:22,22.9,1642975200
558,96,2022-01-23T23:00:00,23.4,235,2022-01-24T06:00:00,2022-01-23:23,22.6,1642978800
559,98,2022-01-24T00:00:00,23.1,250,2022-01-24T07:00:00,2022-01-24:00,22.3,1642982400
560,88,2022-01-24T01:00:00,25.5,265,2022-01-24T08:00:00,2022-01-24:01,24.7,1642986000
561,79,2022-01-24T02:00:00,29.6,280,2022-01-24T09:00:00,2022-01-24:02,27.0,1642989600
562,71,2022-01-24T03:00:00,33.8,295,2022-01-24T10:00:00,2022-01-24:03,29.4,1642993200
563,66,2022-01-24T04:00:00,34.8,310,2022-01-24T11:00:00,2022-01-24:04,30.3,1642996800
564,61,2022-01-24T05:00:00,35.3,325,2022-01-24T12:00:00,2022-01-24:05,31.1,1643000400
565,57,2022-01-24T06:00:00,36.2,340,2022-01-24T13:00:00,2022-01-24:06,32.0,1643004000
566,51,2022-01-24T07:00:00,36.0,235,2022-01-24T14:00:00,2022-01-24:07,32.7,1643007600
567,45,2022-01-24T08:00:00,35.5,135,2022-01-24T15:00:00,2022-01-24:08,33.3,1643011200
568,40,2022-01-24T09:00:00,35.4,30,2022-01-24T16:00:00,2022-01-24:09,34.0,1643014800
569,46,2022-01-24T10:00:00,34.1,65,2022-01-24T17:00:00,2022-01-24:10,32.4,1643018400
570,54,2022-01-24T11:00:00,33.1,95,2022-01-24T18:00:00,2022-01-24:11,30.8,1643022000
571,62,2022-01-24T12:00:00,31.7,130,2022-01-24T19:00:00,2022-01-24:12,29.2,1643025600
572,67,2022-01-24T13:00:00,30.3,165,2022-01-24T20:00:00,2022-01-24:13,28.0,1643029200
573,73,2022-01-24T14:00:00,28.6,195,2022-01-24T21:00:00,2022-01-24:14,26.7,1643032800
574,79,2022-01-24T15:00:00,26.2,230,2022-01-24T22:00:00,2022-01-24:15,25.5,1643036400
575,82,2022-01-24T16:00:00,26.1,230,2022-01-24T23:00:00,2022-01-24:16,25.4,1643040000
576,85,2022-01-24T17:00:00,26.1,230,2022-01-25T00:00:00,2022-01-24:17,25.3,1643043600
577,88,2022-01-24T18:00:00,26.1,230,2022-01-25T01:00:00,2022-01-24:18,25.2,1643047200
578,90,2022-01-24T19:00:00,25.7,165,2022-01-25T02:00:00,2022-01-24:19,24.8,1643050800
579,93,2022-01-24T20:00:00,25.4,105,2022-01-25T03:00:00,2022-01-24:20,24.5,1643054400
580,95,2022-01-24T21:00:00,25.0,40,2022-01-25T04:00:00,2022-01-24:21,24.1,1643058000
581,95,2022-01-24T22:00:00,24.3,40,2022-01-25T05:00:00,2022-01-24:22,23.4,1643061600
582,95,2022-01-24T23:00:00,23.5,45,2022-01-25T06:00:00,2022-01-24:23,22.7,1643065200
583,95,2022-01-25T00:00:00,22.7,45,2022-01-25T07:00:00,2022-01-25:00,22.0,1643068800
584,83,2022-01-25T01:00:00,25.4,45,2022-01-25T08:00:00,2022-01-25:01,24.7,1643072400
585,73,2022-01-25T02:00:00,29.7,50,2022-01-25T09:00:00,2022-01-25:02,27.3,1643076000
586,64,2022-01-25T03:00:00,33.7,50,2022-01-25T10:00:00,2022-01-25:03,30.0,1643079600
587,61,2022-01-25T04:00:00,35.8,85,2022-01-25T11:00:00,2022-01-25:04,31.3,1643083200
588,58,2022-01-25T05:00:00,38.1,115,2022-01-25T12:00:00,2022-01-25:05,32.7,1643086800
589,56,2022-01-25T06:00:00,40.6,150,2022-01-25T13:00:00,2022-01-25:06,34.0,1643090400
590,56,2022-01-25T07:00:00,41.1,115,2022-01-25T14:00:00,2022-01-25:07,34.2,1643094000
591,55,2022-01-25T08:00:00,41.4,85,2022-01-25T15:00:00,2022-01-25:08,34.5,1643097600
592,55,2022-01-25T09:00:00,42.0,50,2022-01-25T16:00:00,2022-01-25:09,34.7,1643101200
593,56,2022-01-25T10:00:00,38.4,75,2022-01-25T17:00:00,2022-01-25:10,33.1,1643104800
594,57,2022-01-25T11:00:00,35.3,105,2022-01-25T18:00:00,2022-01-25:11,31.6,1643108400
595,58,2022-01-25T12:00:00,32.4,130,2022-01-25T19:00:00,2022-01-25:12,30.0,1643112000
596,62,2022-01-25T13:00:00,31.2,135,2022-01-25T20:00:00,2022-01-25:13,28.9,1643115600
597,66,2022-01-25T14:00:00,29.8,135,2022-01-25T21:00:00,2022-01-25:14,27.8,1643119200
598,71,2022-01-25T15:00:00,28.4,140,2022-01-25T22:00:00,2022-01-25:15,26.7,1643122800
599,72,2022-01-25T16:00:00,27.1,145,2022-01-25T23:00:00,2022-01-25:16,26.5,1643126400
600,73,2022-01-25T17:00:00,26.8,145,2022-01-26T00:00:00,2022-01-25:17,26.2,1643130000
601,73,2022-01-25T18:00:00,26.6,150,2022-01-26T01:00:00,2022-01-25:18,26.0,1643133600
602,75,2022-01-25T19:00:00,26.3,150,2022-01-26T02:00:00,2022-01-25:19,25.7,1643137200
603,77,2022-01-25T20:00:00,25.9,150,2022-01-26T03:00:00,2022-01-25:20,25.3,1643140800
604,79,2022-01-25T21:00:00,25.6,150,2022-01-26T04:00:00,2022-01-25:21,25.0,1643144400
605,84,2022-01-25T22:00:00,25.0,170,2022-01-26T05:00:00,2022-01-25:22,24.3,1643148000
606,89,2022-01-25T23:00:00,24.4,190,2022-01-26T06:00:00,2022-01-25:23,23.7,1643151600
607,95,2022-01-26T00:00:00,23.8,215,2022-01-26T07:00:00,2022-01-26:00,23.0,1643155200
608,85,2022-01-26T01:00:00,26.3,235,2022-01-26T08:00:00,2022-01-26:01,25.5,1643158800
609,77,2022-01-26T02:00:00,31.6,255,2022-01-26T09:00:00,2022-01-26:02,28.0,1643162400
610,69,2022-01-26T03:00:00,36.0,275,2022-01-26T10:00:00,2022-01-26:03,30.5,1643166000
611,62,2022-01-26T04:00:00,36.5,300,2022-01-26T11:00:00,2022-01-26:04,31.5,1643169600
612,56,2022-01-26T05:00:00,37.2,320,2022-01-26T12:00:00,2022-01-26:05,32.6,1643173200
613,50,2022-01-26T06:00:00,37.5,340,2022-01-26T13:00:00,2022-01-26:06,33.6,1643176800
614,48,2022-01-26T07:00:00,36.9,275,2022-01-26T14:00:00,2022-01-26:07,33.6,1643180400
615,45,2022-01-26T08:00:00,36.0,205,2022-01-26T15:00:00,2022-01-26:08,33.6,1643184000
616,43,2022-01-26T09:00:00,35.5,140,2022-01-26T16:00:00,2022-01-26:09,33.6,1643187600
617,47,2022-01-26T10:00:00,34.0,145,2022-01-26T17:00:00,2022-01-26:10,32.2,1643191200
618,53,2022-01-26T11:00:00,32.7,145,2022-01-26T18:00:00,2022-01-26:11,30.7,1643194800
619,59,2022-01-26T12:00:00,31.4,150,2022-01-26T19:00:00,2022-01-26:12,29.3,1643198400
620,63,2022-01-26T13:00:00,30.8,155,2022-01-26T20:00:00,2022-01-26:13,28.6,1643202000
621,68,2022-01-26T14:00:00,30.0,155,2022-01-26T21:00:00,2022-01-26:14,27.8,1643205600
622,73,2022-01-26T15:00:00,29.3,160,2022-01-26T22:00:00,2022-01-26:15,27.1,1643209200
623,77,2022-01-26T16:00:00,29.1,165,2022-01-26T23:00:00,2022-01-26:16,26.8,1643212800
624,81,2022-01-26T17:00:00,27.4,165,2022-01-27T00:00:00,2022-01-26:17,26.6,1643216400
625,85,2022-01-26T18:00:00,27.2,170,2022-01-27T01:00:00,2022-01-26:18,26.3,1643220000
626,88,2022-01-26T19:00:00,26.6,175,2022-01-27T02:00:00,2022-01-26:19,25.7,1643223600
627,91,2022-01-26T20:00:00,26.0,175,2022-01-27T03:00:00,2022-01-26:20,25.1,1643227200
628,94,2022-01-26T21:00:00,25.5,180,2022-01-27T04:00:00,2022-01-26:21,24.5,1643230800
629,95,2022-01-26T22:00:00,25.3,185,2022-01-27T05:00:00,2022-01-26:22,24.3,1643234400
630,95,2022-01-26T23:00:00,25.2,185,2022-01-27T06:00:00,2022-01-26:23,24.2,1643238000
631,96,2022-01-27T00:00:00,25.0,190,2022-01-27T07:00:00,2022-01-27:00,24.0,1643241600
632,87,2022-01-27T01:00:00,26.8,195,2022-01-27T08:00:00,2022-01-27:01,25.9,1643245200
633,80,2022-01-27T02:00:00,31.4,195,2022-01-27T09:00:00,2022-01-27:02,27.7,1643248800
634,73,2022-01-27T03:00:00,34.8,200,2022-01-27T10:00:00,2022-01-27:03,29.6,1643252400
635,65,2022-01-27T04:00:00,35.9,175,2022-01-27T11:00:00,2022-01-27:04,30.9,1643256000
636,59,2022-01-27T05:00:00,37.2,145,2022-01-27T12:00:00,2022-01-27:05,32.2,1643259600
637,52,2022-01-27T06:00:00,38.0,120,2022-01-27T13:00:00,2022-01-27:06,33.5,1643263200
638,57,2022-01-27T07:00:00,36.6,155,2022-01-27T14:00:00,2022-01-27:07,32.2,1643266800
639,63,2022-01-27T08:00:00,35.2,185,2022-01-27T15:00:00,2022-01-27:08,30.8,1643270400
640,68,2022-01-27T09:00:00,33.4,220,2022-01-27T16:00:00,2022-01-27:09,29.5,1643274000
641,69,2022-01-27T10:00:00,33.0,210,2022-01-27T17:00:00,2022-01-27:10,29.2,1643277600
642,70,2022-01-27T11:00:00,32.3,200,2022-01-27T18:00:00,2022-01-27:11,28.8,1643281200
643,70,2022-01-27T12:00:00,31.7,190,2022-01-27T19:00:00,2022-01-27:12,28.5,1643284800
644,74,2022-01-27T13:00:00,30.6,195,2022-01-27T20:00:00,2022-01-27:13,27.7,1643288400
645,79,2022-01-27T14:00:00,29.4,195,2022-01-27T21:00:00,2022-01-27:14,26.9,1643292000
646,84,2022-01-27T15:00:00,27.0,200,2022-01-27T22:00:00,2022-01-27:15,26.1,1643295600
647,85,2022-01-27T16:00:00,27.0,170,2022-01-27T23:00:00,2022-01-27:16,26.1,1643299200
648,86,2022-01-27T17:00:00,27.0,140,2022-01-28T00:00:00,2022-01-27:17,26.1,1643302800
649,87,2022-01-27T18:00:00,27.0,110,2022-01-28T01:00:00,2022-01-27:18,26.1,1643306400
650,89,2022-01-27T19:00:00,26.6,125,2022-01-28T02:00:00,2022-01-27:19,25.7,1643310000
651,89,2022-01-27T20:00:00,26.3,140,2022-01-28T03:00:00,2022-01-27:20,25.4,1643313600
652,91,2022-01-27T21:00:00,25.9,155,2022-01-28T04:00:00,2022-01-27:21,25.0,1643317200
653,92,2022-01-27T22:00:00,25.6,170,2022-01-28T05:00:00,2022-01-27:22,24.7,1643320800
654,94,2022-01-27T23:00:00,25.2,180,2022-01-28T06:00:00,2022-01-27:23,24.3,1643324400
655,95,2022-01-28T00:00:00,24.9,195,2022-01-28T07:00:00,2022-01-28:00,24.0,1643328000
656,86,2022-01-28T01:00:00,26.9,210,2022-01-28T08:00:00,2022-01-28:01,26.0,1643331600
657,78,2022-01-28T02:00:00,31.8,225,2022-01-28T09:00:00,2022-01-28:02,28.0,1643335200
658,71,2022-01-28T03:00:00,35.3,240,2022-01-28T10:00:00,2022-01-28:03,30.0,1643338800
659,65,2022-01-28T04:00:00,36.6,195,2022-01-28T11:00:00,2022-01-28:04,31.2,1643342400
660,60,2022-01-28T05:00:00,37.8,145,2022-01-28T12:00:00,2022-01-28:05,32.3,1643346000
661,55,2022-01-28T06:00:00,39.0,100,2022-01-28T13:00:00,2022-01-28:06,33.5,1643349600
662,56,2022-01-28T07:00:00,38.1,145,2022-01-28T14:00:00,2022-01-28:07,33.0,1643353200
663,56,2022-01-28T08:00:00,37.0,195,2022-01-28T15:00:00,2022-01-28:08,32.5,1643356800
664,57,2022-01-28T09:00:00,36.2,240,2022-01-28T16:00:00,2022-01-28:09,32.0,1643360400
665,60,2022-01-28T10:00:00,35.9,210,2022-01-28T17:00:00,2022-01-28:10,31.5,1643364000
666,64,2022-01-28T11:00:00,35.9,180,2022-01-28T18:00:00,2022-01-28:11,31.0,1643367600
667,68,2022-01-28T12:00:00,35.8,150,2022-01-28T19:00:00,2022-01-28:12,30.5,1643371200
668,69,2022-01-28T13:00:00,34.1,165,2022-01-28T20:00:00,2022-01-28:13,29.7,1643374800
669,72,2022-01-28T14:00:00,32.7,180,2022-01-28T21:00:00,2022-01-28:14,28.8,1643378400
670,73,2022-01-28T15:00:00,31.1,195,2022-01-28T22:00:00,2022-01-28:15,28.0,1643382000
671,76,2022-01-28T16:00:00,30.4,210,2022-01-28T23:00:00,2022-01-28:16,27.5,1643385600
672,78,2022-01-28T17:00:00,29.6,225,2022-01-29T00:00:00,2022-01-28:17,27.0,1643389200
673,81,2022-01-28T18:00:00,27.3,240,2022-01-29T01:00:00,2022-01-28:18,26.5,1643392800
674,83,2022-01-28T19:00:00,27.0,240,2022-01-29T02:00:00,2022-01-28:19,26.2,1643396400
675,85,2022-01-28T20:00:00,26.7,240,2022-01-29T03:00:00,2022-01-28:20,25.8,1643400000
676,87,2022-01-28T21:00:00,26.4,240,2022-01-29T04:00:00,2022-01-28:21,25.5,1643403600
677,90,2022-01-28T22:00:00,26.1,220,2022-01-29T05:00:00,2022-01-28:22,25.2,1643407200
678,94,2022-01-28T23:00:00,25.9,200,2022-01-29T06:00:00,2022-01-28:23,24.9,1643410800
679,97,2022-01-29T00:00:00,25.6,180,2022-01-29T07:00:00,2022-01-29:00,24.6,1643414400
680,88,2022-01-29T01:00:00,27.5,160,2022-01-29T08:00:00,2022-01-29:01,26.5,1643418000
681,81,2022-01-29T02:00:00,33.3,140,2022-01-29T09:00:00,2022-01-29:02,28.4,1643421600
682,74,2022-01-29T03:00:00,36.9,120,2022-01-29T10:00:00,2022-01-29:03,30.3,1643425200
683,62,2022-01-29T04:00:00,37.2,185,2022-01-29T11:00:00,2022-01-29:04,31.8,1643428800
684,53,2022-01-29T05:00:00,37.8,255,2022-01-29T12:00:00,2022-01-29:05,33.3,1643432400
685,44,2022-01-29T06:00:00,38.1,320,2022-01-29T13:00:00,2022-01-29:06,34.8,1643436000
686,43,2022-01-29T07:00:00,37.8,265,2022-01-29T14:00:00,2022-01-29:07,34.8,1643439600
687,42,2022-01-29T08:00:00,37.3,205,2022-01-29T15:00:00,2022-01-29:08,34.7,1643443200
688,40,2022-01-29T09:00:00,36.7,150,2022-01-29T16:00:00,2022-01-29:09,34.7,1643446800
689,44,2022-01-29T10:00:00,35.6,160,2022-01-29T17:00:00,2022-01-29:10,33.5,1643450400
690,49,2022-01-29T11:00:00,34.5,170,2022-01-29T18:00:00,2022-01-29:11,32.2,1643454000
691,54,2022-01-29T12:00:00,33.4,180,2022-01-29T19:00:00,2022-01-29:12,31.0,1643457600
692,60,2022-01-29T13:00:00,33.4,190,2022-01-29T20:00:00,2022-01-29:13,30.3,1643461200
693,67,2022-01-29T14:00:00,33.2,200,2022-01-29T21:00:00,2022-01-29:14,29.5,1643464800
694,75,2022-01-29T15:00:00,33.2,210,2022-01-29T22:00:00,2022-01-29:15,28.8,1643468400
695,78,2022-01-29T16:00:00,33.0,215,2022-01-29T23:00:00,2022-01-29:16,28.5,1643472000
696,83,2022-01-29T17:00:00,32.8,225,2022-01-30T00:00:00,2022-01-29:17,28.1,1643475600
697,87,2022-01-29T18:00:00,32.6,230,2022-01-30T01:00:00,2022-01-29:18,27.8,1643479200
698,87,2022-01-29T19:00:00,31.8,225,2022-01-30T02:00:00,2022-01-29:19,27.5,1643482800
699,88,2022-01-29T20:00:00,30.8,225,2022-01-30T03:00:00,2022-01-29:20,27.1,1643486400
700,89,2022-01-29T21:00:00,30.1,220,2022-01-30T04:00:00,2022-01-29:21,26.8,1643490000
701,91,2022-01-29T22:00:00,27.1,175,2022-01-30T05:00:00,2022-01-29:22,26.1,1643493600
702,93,2022-01-29T23:00:00,26.3,125,2022-01-30T06:00:00,2022-01-29:23,25.3,1643497200
703,95,2022-01-30T00:00:00,25.6,80,2022-01-30T07:00:00,2022-01-30:00,24.6,1643500800
704,80,2022-01-30T01:00:00,29.3,130,2022-01-30T08:00:00,2022-01-30:01,26.8,1643504400
705,67,2022-01-30T02:00:00,32.2,180,2022-01-30T09:00:00,2022-01-30:02,29.0,1643508000
706,56,2022-01-30T03:00:00,34.3,230,2022-01-30T10:00:00,2022-01-30:03,31.2,1643511600
707,49,2022-01-30T04:00:00,34.9,250,2022-01-30T11:00:00,2022-01-30:04,32.4,1643515200
708,43,2022-01-30T05:00:00,35.5,270,2022-01-30T12:00:00,2022-01-30:05,33.6,1643518800
709,38,2022-01-30T06:00:00,36.3,290,2022-01-30T13:00:00,2022-01-30:06,34.8,1643522400
710,36,2022-01-30T07:00:00,36.3,275,2022-01-30T14:00:00,2022-01-30:07,35.1,1643526000
711,35,2022-01-30T08:00:00,36.5,265,2022-01-30T15:00:00,2022-01-30:08,35.4,1643529600
712,34,2022-01-30T09:00:00,36.7,250,2022-01-30T16:00:00,2022-01-30:09,35.7,1643533200
713,39,2022-01-30T10:00:00,35.5,245,2022-01-30T17:00:00,2022-01-30:10,34.2,1643536800
714,44,2022-01-30T11:00:00,34.2,245,2022-01-30T18:00:00,2022-01-30:11,32.7,1643540400
715,49,2022-01-30T12:00:00,32.7,240,2022-01-30T19:00:00,2022-01-30:12,31.2,1643544000
716,45,2022-01-30T13:00:00,33.2,235,2022-01-30T20:00:00,2022-01-30:13,32.0,1643547600
717,40,2022-01-30T14:00:00,33.5,235,2022-01-30T21:00:00,2022-01-30:14,32.8,1643551200
718,37,2022-01-30T15:00:00,34.1,230,2022-01-30T22:00:00,2022-01-30:15,33.6,1643554800
719,48,2022-01-30T16:00:00,32.7,225,2022-01-30T23:00:00,2022-01-30:16,31.3,1643558400
